INSERT INTO FilmSphere.abbonamento VALUES
("Basic", 30, 0, 1, 720, 4.99),
("Premium", 30, 0, 2, 720, 7.99),
("Pro", 30, 1, 2, 1080, 9.99),
("Deluxe", 30, 1, 4, 1440, 12.99),
("Ultimate", 30, 1, 8, 2160, 15.99);


INSERT INTO FilmSphere.Paese (Nome, NumeroAbitanti, IPRangeStart, IPRangeEnd) VALUES
('Afghanistan', 38928, '192.0.2.0', '192.0.2.255'),
('Albania', 2878, '192.0.3.0', '192.0.3.255'),
('Algeria', 43851, '192.0.4.0', '192.0.4.255'),
('Andorra', 77, '192.0.5.0', '192.0.5.255'),
('Angola', 32866, '192.0.6.0', '192.0.6.255'),
('Argentina', 44939, '192.0.8.0', '192.0.8.255'),
('Armenia', 2957, '192.0.9.0', '192.0.9.255'),
('Australia', 25690, '192.0.10.0', '192.0.10.255'),
('Austria', 8901, '192.0.11.0', '192.0.11.255'),
('Azerbaijan', 10120, '192.0.12.0', '192.0.12.255'),
('Bahamas', 392, '192.0.13.0', '192.0.13.255'),
('Bahrain', 1701, '192.0.14.0', '192.0.14.255'),
('Bangladesh', 163046, '192.0.15.0', '192.0.15.255'),
('Barbados', 287, '192.0.16.0', '192.0.16.255'),
('Belarus', 9463, '192.0.17.0', '192.0.17.255'),
('Belgium', 11590, '192.0.18.0', '192.0.18.255'),
('Belize', 382, '192.0.19.0', '192.0.19.255'),
('Benin', 11733, '192.0.20.0', '192.0.20.255'),
('Bhutan', 763, '192.0.21.0', '192.0.21.255'),
('Bolivia', 11513, '192.0.22.0', '192.0.22.255'),
('Bosnia and Herzegovina', 3281, '192.0.23.0', '192.0.23.255'),
('Botswana', 2333, '192.0.24.0', '192.0.24.255'),
('Brazil', 212559, '192.0.25.0', '192.0.25.255'),
('Brunei', 433, '192.0.26.0', '192.0.26.255'),
('Bulgaria', 6951, '192.0.27.0', '192.0.27.255'),
('Burkina Faso', 20321, '192.0.28.0', '192.0.28.255'),
('Burundi', 11531, '192.0.29.0', '192.0.29.255'),
('Cabo Verde', 555, '192.0.30.0', '192.0.30.255'),
('Cambodia', 16487, '192.0.31.0', '192.0.31.255'),
('Cameroon', 26546, '192.0.32.0', '192.0.32.255'),
('Canada', 37590, '192.0.33.0', '192.0.33.255'),
('Central African Republic', 4829, '192.0.34.0', '192.0.34.255'),
('Chad', 15946, '192.0.35.0', '192.0.35.255'),
('Chile', 19116, '192.0.36.0', '192.0.36.255'),
('China', 1439323, '192.0.37.0', '192.0.37.255'),
('Colombia', 50339, '192.0.38.0', '192.0.38.255'),
('Comoros', 873, '192.0.39.0', '192.0.39.255'),
('Congo', 5518, '192.0.40.0', '192.0.40.255'),
('Costa Rica', 5094, '192.0.41.0', '192.0.41.255'),
('Croatia', 4082, '192.0.42.0', '192.0.42.255'),
('Cuba', 11327, '192.0.43.0', '192.0.43.255'),
('Cyprus', 1207, '192.0.44.0', '192.0.44.255'),
('Czech Republic', 10709, '192.0.45.0', '192.0.45.255'),
('Denmark', 5806, '192.0.47.0', '192.0.47.255'),
('Djibouti', 988, '192.0.48.0', '192.0.48.255'),
('Dominica', 71, '192.0.49.0', '192.0.49.255'),
('Dominican Republic', 10997, '192.0.50.0', '192.0.50.255'),
('East Timor', 1331, '192.0.51.0', '192.0.51.255'),
('Ecuador', 17374, '192.0.52.0', '192.0.52.255'),
('Egypt', 100388, '192.0.53.0', '192.0.53.255'),
('El Salvador', 6421, '192.0.54.0', '192.0.54.255'),
('Eritrea', 3497, '192.0.56.0', '192.0.56.255'),
('Estonia', 1326, '192.0.57.0', '192.0.57.255'),
('Eswatini', 1160, '192.0.58.0', '192.0.58.255'),
('Ethiopia', 114963, '192.0.59.0', '192.0.59.255'),
('Fiji', 889, '192.0.60.0', '192.0.60.255'),
('Finland', 5541, '192.0.61.0', '192.0.61.255'),
('France', 65273, '192.0.62.0', '192.0.62.255'),
('Gabon', 2225, '192.0.63.0', '192.0.63.255'),
('Gambia', 2348, '192.0.64.0', '192.0.64.255'),
('Georgia', 3989, '192.0.65.0', '192.0.65.255'),
('Germany', 83784, '192.0.66.0', '192.0.66.255'),
('Ghana', 31073, '192.0.67.0', '192.0.67.255'),
('Greece', 10727, '192.0.68.0', '192.0.68.255'),
('Grenada', 112, '192.0.69.0', '192.0.69.255'),
('Guatemala', 17581, '192.0.70.0', '192.0.70.255'),
('Guinea', 12717, '192.0.71.0', '192.0.71.255'),
('Guyana', 786, '192.0.73.0', '192.0.73.255'),
('Haiti', 11541, '192.0.74.0', '192.0.74.255'),
('Honduras', 9746, '192.0.75.0', '192.0.75.255'),
('Hungary', 9773, '192.0.76.0', '192.0.76.255'),
('Iceland', 340, '192.0.77.0', '192.0.77.255'),
('India', 1380004, '192.0.78.0', '192.0.78.255'),
('Indonesia', 273523, '192.0.79.0', '192.0.79.255'),
('Iran', 82802, '192.0.80.0', '192.0.80.255'),
('Iraq', 39310, '192.0.81.0', '192.0.81.255'),
('Ireland', 4938, '192.0.82.0', '192.0.82.255'),
('Israel', 9053, '192.0.83.0', '192.0.83.255'),
('Italy', 60462, '192.0.84.0', '192.0.84.255'),
('Ivory Coast', 26378, '192.0.85.0', '192.0.85.255'),
('Jamaica', 2940, '192.0.86.0', '192.0.86.255'),
('Japan', 126476, '192.0.87.0', '192.0.87.255'),
('Jordan', 10047, '192.0.88.0', '192.0.88.255'),
('Kazakhstan', 18604, '192.0.89.0', '192.0.89.255'),
('Kenya', 53771, '192.0.90.0', '192.0.90.255'),
('Kiribati', 120, '192.0.91.0', '192.0.91.255'),
('Kosovo', 1840, '192.0.92.0', '192.0.92.255'),
('Kuwait', 4207, '192.0.93.0', '192.0.93.255'),
('Kyrgyzstan', 6524, '192.0.94.0', '192.0.94.255'),
('Laos', 7169, '192.0.95.0', '192.0.95.255'),
('Latvia', 1896, '192.0.96.0', '192.0.96.255'),
('Lebanon', 6856, '192.0.97.0', '192.0.97.255'),
('Lesotho', 2125, '192.0.98.0', '192.0.98.255'),
('Liberia', 4937, '192.0.99.0', '192.0.99.255'),
('Libya', 6871, '192.0.100.0', '192.0.100.255'),
('Liechtenstein', 38, '192.0.101.0', '192.0.101.255'),
('Lithuania', 2794, '192.0.102.0', '192.0.102.255'),
('Luxembourg', 625, '192.0.103.0', '192.0.103.255'),
('Madagascar', 26969, '192.0.104.0', '192.0.104.255'),
('Malawi', 18629, '192.0.105.0', '192.0.105.255'),
('Malaysia', 31950, '192.0.106.0', '192.0.106.255'),
('Maldives', 515, '192.0.107.0', '192.0.107.255'),
('Mali', 20251, '192.0.108.0', '192.0.108.255'),
('Malta', 502, '192.0.109.0', '192.0.109.255'),
('Marshall Islands', 59, '192.0.110.0', '192.0.110.255'),
('Mauritania', 4526, '192.0.111.0', '192.0.111.255'),
('Mauritius', 1263, '192.0.112.0', '192.0.112.255'),
('Mexico', 127575, '192.0.113.0', '192.0.113.255'),
('Micronesia', 113, '192.0.114.0', '192.0.114.255'),
('Moldova', 4033, '192.0.115.0', '192.0.115.255'),
('Monaco', 39, '192.0.116.0', '192.0.116.255'),
('Mongolia', 3225, '192.0.117.0', '192.0.117.255'),
('Montenegro', 628, '192.0.118.0', '192.0.118.255'),
('Morocco', 36472, '192.0.119.0', '192.0.119.255'),
('Mozambique', 30366, '192.0.120.0', '192.0.120.255'),
('Myanmar', 54336, '192.0.121.0', '192.0.121.255'),
('Namibia', 2540, '192.0.122.0', '192.0.122.255'),
('Nauru', 10, '192.0.123.0', '192.0.123.255'),
('Nepal', 28609, '192.0.124.0', '192.0.124.255'),
('Netherlands', 17033, '192.0.125.0', '192.0.125.255'),
('New Zealand', 4917, '192.0.126.0', '192.0.126.255'),
('Nicaragua', 6545, '192.0.127.0', '192.0.127.255'),
('Niger', 23311, '192.0.128.0', '192.0.128.255'),
('Nigeria', 200963, '192.0.129.0', '192.0.129.255'),
('North Korea', 25666, '192.0.130.0', '192.0.130.255'),
('North Macedonia', 2083, '192.0.131.0', '192.0.131.255'),
('Norway', 5379, '192.0.132.0', '192.0.132.255'),
('Oman', 4975, '192.0.133.0', '192.0.133.255'),
('Pakistan', 216565, '192.0.134.0', '192.0.134.255'),
('Palau', 18, '192.0.135.0', '192.0.135.255'),
('Palestine State', 4981, '192.0.136.0', '192.0.136.255'),
('Panama', 4246, '192.0.137.0', '192.0.137.255'),
('Papua New Guinea', 8776, '192.0.138.0', '192.0.138.255'),
('Paraguay', 7054, '192.0.139.0', '192.0.139.255'),
('Peru', 32972, '192.0.140.0', '192.0.140.255'),
('Philippines', 108116, '192.0.141.0', '192.0.141.255'),
('Poland', 37977, '192.0.142.0', '192.0.142.255'),
('Portugal', 10285, '192.0.143.0', '192.0.143.255'),
('Qatar', 2832, '192.0.144.0', '192.0.144.255'),
('Romania', 19405, '192.0.145.0', '192.0.145.255'),
('Russia', 145934, '192.0.146.0', '192.0.146.255'),
('Rwanda', 12302, '192.0.147.0', '192.0.147.255'),
('Saint Lucia', 182, '192.0.149.0', '192.0.149.255'),
('Samoa', 197, '192.0.151.0', '192.0.151.255'),
('San Marino', 34, '192.0.152.0', '192.0.152.255'),
('Saudi Arabia', 34268, '192.0.154.0', '192.0.154.255'),
('Senegal', 16744, '192.0.155.0', '192.0.155.255'),
('Serbia', 6964, '192.0.156.0', '192.0.156.255'),
('Seychelles', 97, '192.0.157.0', '192.0.157.255'),
('Sierra Leone', 7977, '192.0.158.0', '192.0.158.255'),
('Singapore', 5850, '192.0.159.0', '192.0.159.255'),
('Slovakia', 5457, '192.0.160.0', '192.0.160.255'),
('Slovenia', 2079, '192.0.161.0', '192.0.161.255'),
('Solomon Islands', 669, '192.0.162.0', '192.0.162.255'),
('Somalia', 15443, '192.0.163.0', '192.0.163.255'),
('South Africa', 58558, '192.0.164.0', '192.0.164.255'),
('South Korea', 51781, '192.0.165.0', '192.0.165.255'),
('South Sudan', 11062, '192.0.166.0', '192.0.166.255'),
('Spain', 46733, '192.0.167.0', '192.0.167.255'),
('Sri Lanka', 21670, '192.0.168.0', '192.0.168.255'),
('Sudan', 42813, '192.0.169.0', '192.0.169.255'),
('Suriname', 586, '192.0.170.0', '192.0.170.255'),
('Sweden', 10099, '192.0.171.0', '192.0.171.255'),
('Switzerland', 8655, '192.0.172.0', '192.0.172.255'),
('Syria', 17070, '192.0.173.0', '192.0.173.255'),
('Tajikistan', 9321, '192.0.174.0', '192.0.174.255'),
('Tanzania', 58005, '192.0.175.0', '192.0.175.255'),
('Thailand', 69626, '192.0.176.0', '192.0.176.255'),
('Togo', 8279, '192.0.177.0', '192.0.177.255'),
('Tonga', 104, '192.0.178.0', '192.0.178.255'),
('Tunisia', 11819, '192.0.180.0', '192.0.180.255'),
('Turkey', 83430, '192.0.181.0', '192.0.181.255'),
('Turkmenistan', 5942, '192.0.182.0', '192.0.182.255'),
('Tuvalu', 12, '192.0.183.0', '192.0.183.255'),
('Uganda', 45741, '192.0.184.0', '192.0.184.255'),
('Ukraine', 43734, '192.0.185.0', '192.0.185.255'),
('United Arab Emirates', 9890, '192.0.186.0', '192.0.186.255'),
('United Kingdom', 67886, '192.0.187.0', '192.0.187.255'),
('United States of America', 331002, '192.0.188.0', '192.0.188.255'),
('Uruguay', 3462, '192.0.189.0', '192.0.189.255'),
('Uzbekistan', 32972, '192.0.190.0', '192.0.190.255'),
('Vanuatu', 307, '192.0.191.0', '192.0.191.255'),
('Venezuela', 28436, '192.0.193.0', '192.0.193.255'),
('Vietnam', 97339, '192.0.194.0', '192.0.194.255'),
('Yemen', 29825, '192.0.195.0', '192.0.195.255'),
('Zambia', 18384, '192.0.196.0', '192.0.196.255'),
('Zimbabwe', 14863, '192.0.197.0', '192.0.197.255');


INSERT INTO FilmSphere.Utente (CF, Nome, Cognome, DataNascita, Sesso, Mail, PW, Telefono, RinnovoAutomatico, TipoAbbonamento, DataScadenza) VALUES
('ABC12345A123456A', 'John', 'Doe', '1990-01-01', 'M', 'john.doe@example.com', 'password123', '1234567890', 1, 'Basic', '2024-04-15'),
('DEF67890B123456B', 'Jane', 'Smith', '1992-05-15', 'F', 'jane.smith@example.com', 'password456', '0987654321', 0, 'Premium', '2024-04-10'),
('GHI12345C123456C', 'Michael', 'Johnson', '1985-11-30', 'M', 'michael.johnson@example.com', 'password789', '3456789012', 1, 'Pro', '2024-04-22'),
('JKL67890D123456D', 'Emily', 'Brown', '1988-03-25', 'F', 'emily.brown@example.com', 'passwordabc', '5678901234', 0, 'Deluxe', '2024-04-05'),
('MNO12345E123456E', 'David', 'Martinez', '1978-07-12', 'M', 'david.martinez@example.com', 'passworddef', '7890123456', 1, 'Ultimate', '2024-04-18'),
('PQR67890F123456F', 'Sarah', 'Wilson', '1995-09-18', 'F', 'sarah.wilson@example.com', 'passwordghi', '9012345678', 0, 'Basic', '2024-04-25'),
('STU12345G123456G', 'Christopher', 'Anderson', '1983-04-09', 'M', 'christopher.anderson@example.com', 'passwordjkl', '1234509876', 1, 'Premium', '2024-04-12'),
('VWX67890H123456H', 'Jessica', 'Taylor', '1989-12-27', 'F', 'jessica.taylor@example.com', 'passwordmno', '2345678901', 0, 'Pro', '2024-04-28'),
('YZA12345I123456I', 'Matthew', 'Thomas', '1976-08-04', 'M', 'matthew.thomas@example.com', 'passwordpqr', '4567890123', 1, 'Deluxe', '2024-04-08'),
('BCD67890J123456J', 'Amanda', 'Jackson', '1993-02-28', 'F', 'amanda.jackson@example.com', 'passwordstu', '6789012345', 0, 'Ultimate', '2024-04-17'),
('EFG12345K123456K', 'Daniel', 'White', '1980-06-20', 'M', 'daniel.white@example.com', 'passwordvwx', '8901234567', 1, 'Basic', '2024-04-20'),
('HIJ67890L123456L', 'Ashley', 'Harris', '1991-10-13', 'F', 'ashley.harris@example.com', 'passwordyza', '0123456789', 0, 'Premium', '2024-04-13'),
('KLM12345M123456M', 'Christopher', 'Clark', '1979-05-08', 'M', 'christopher.clark@example.com', 'passwordbcd', '2345678901', 1, 'Pro', '2024-04-02'),
('NOP67890N123456N', 'Melissa', 'Lewis', '1986-11-22', 'F', 'melissa.lewis@example.com', 'passwordefg', '3456789012', 0, 'Deluxe', '2024-04-29'),
('QRS12345O123456O', 'Kevin', 'Lee', '1996-03-12', 'M', 'kevin.lee@example.com', 'passwordhij', '4567890123', 1, 'Ultimate', '2024-04-07'),
('STU67890P123456P', 'Jennifer', 'Walker', '1984-07-06', 'F', 'jennifer.walker@example.com', 'passwordklm', '5678901234', 0, 'Basic', '2024-04-24'),
('UVW12345Q123456Q', 'Joshua', 'Hall', '1987-09-30', 'M', 'joshua.hall@example.com', 'passwordnop', '6789012345', 1, 'Premium', '2024-04-04'),
('XYZ67890R123456R', 'Samantha', 'Young', '1994-12-17', 'F', 'samantha.young@example.com', 'passwordqrs', '7890123456', 0, 'Pro', '2024-04-30'),
('ABC12345S123456S', 'Ryan', 'Allen', '1981-08-10', 'M', 'ryan.allen@example.com', 'passwordstu', '8901234567', 1, 'Deluxe', '2024-04-14'),
('DEF67890T123456T', 'Lauren', 'Wright', '1990-01-24', 'F', 'lauren.wright@example.com', 'passworduvw', '9012345678', 0, 'Ultimate', '2024-04-03'),
('GHI12345U123456U', 'Justin', 'King', '1977-06-14', 'M', 'justin.king@example.com', 'passwordxyz', '0123456789', 1, 'Basic', '2024-04-27'),
('JKL67890V123456V', 'Rachel', 'Evans', '1988-10-02', 'F', 'rachel.evans@example.com', 'passwordabc', '1234567890', 0, 'Premium', '2024-04-11'),
('MNO12345W123456W', 'Brandon', 'Baker', '1974-04-19', 'M', 'brandon.baker@example.com', 'passworddef', '2345678901', 1, 'Pro', '2024-04-19'),
('PQR67890X123456X', 'Stephanie', 'Hill', '1992-02-05', 'F', 'stephanie.hill@example.com', 'passwordghi', '3456789012', 0, 'Deluxe', '2024-04-26'),
('STU12345Y123456Y', 'Eric', 'Young', '1983-05-28', 'M', 'eric.young@example.com', 'passwordjkl', '4567890123', 1, 'Ultimate', '2024-04-16'),
('VWX67890Z123456Z', 'Kimberly', 'Scott', '1991-11-11', 'F', 'kimberly.scott@example.com', 'passwordmno', '5678901234', 0, 'Basic', '2024-04-23'),
('YZA12345A1123456', 'Andrew', 'Green', '1979-09-03', 'M', 'andrew.green@example.com', 'passwordpqr', '6789012345', 1, 'Premium', '2024-04-21'),
('BCD67890B1123456', 'Heather', 'Adams', '1985-03-16', 'F', 'heather.adams@example.com', 'passwordstu', '7890123456', 0, 'Pro', '2024-04-06'),
('EFG12345C1123456', 'Jason', 'Nelson', '1993-07-28', 'M', 'jason.nelson@example.com', 'passwordvwx', '8901234567', 1, 'Deluxe', '2024-04-28'),
('HIJ67890D1123456', 'Megan', 'Roberts', '1980-12-09', 'F', 'megan.roberts@example.com', 'passwordyza', '9012345678', 0, 'Ultimate', '2024-04-05'),
('KLM12345E1123456', 'Brian', 'Cook', '1994-01-31', 'M', 'brian.cook@example.com', 'passwordbcd', '0123456789', 1, 'Basic', '2024-04-12'),
('NOP67890F1123456', 'Amy', 'Bailey', '1981-04-24', 'F', 'amy.bailey@example.com', 'passwordefg', '1234567890', 0, 'Premium', '2024-04-30'),
('QRS12345G1123456', 'Mark', 'Parker', '1976-06-17', 'M', 'mark.parker@example.com', 'passwordhij', '2345678901', 1, 'Pro', '2024-04-15'),
('STU67890H112345H', 'Nicole', 'Morris', '1990-08-07', 'F', 'nicole.morris@example.com', 'passwordklm', '3456789012', 0, 'Deluxe', '2024-04-24'),
('UVW12345I112346I', 'David', 'Rivera', '1987-10-19', 'M', 'david.rivera@example.com', 'passwordnop', '4567890123', 1, 'Ultimate', '2024-04-11'),
('XYZ67890J112356J', 'Laura', 'Turner', '1996-12-30', 'F', 'laura.turner@example.com', 'passwordqrs', '5678901234', 0, 'Basic', '2024-04-27'),
('ABC12345K112356K', 'Kevin', 'Perez', '1984-02-13', 'M', 'kevin.perez@example.com', 'passwordstu', '6789012345', 1, 'Premium', '2024-04-19'),
('DEF67890L112356L', 'Jennifer', 'Bennett', '1991-03-05', 'F', 'jennifer.bennett@example.com', 'passworduvw', '7890123456', 0, 'Pro', '2024-04-07'),
('GHI12345M112356M', 'Eric', 'Ward', '1978-05-28', 'M', 'eric.ward@example.com', 'passwordxyz', '8901234567', 1, 'Deluxe', '2024-04-13'),
('JKL67890N112356N', 'Jessica', 'Gray', '1989-09-10', 'F', 'jessica.gray@example.com', 'passwordabc', '9012345678', 0, 'Ultimate', '2024-04-25'),
('MNO12345O112356O', 'Michael', 'Coleman', '1975-11-22', 'M', 'michael.coleman@example.com', 'passworddef', '0123456789', 1, 'Basic', '2024-04-02'),
('PQR67890P112356P', 'Amanda', 'Murray', '1993-01-14', 'F', 'amanda.murray@example.com', 'passwordghi', '1234567890', 0, 'Premium', '2024-04-28');


INSERT INTO FilmSphere.Critico (CF, Nome, Cognome, DataNascita, Sesso, Azienda) VALUES
('ABC12345A123456A', 'John', 'Doe', '1980-05-10', 'M', 'FilmReview Co.'),
('DEF67890B123456B', 'Jane', 'Smith', '1975-08-20', 'F', 'CinephileEnterprises'),
('GHI12345C123456C', 'Michael', 'Johnson', '1992-03-15', 'M', 'Cinema Gazette'),
('JKL67890D123456D', 'Emily', 'Brown', '1988-12-05', 'F', 'FilmInsight'),
('MNO12345E123456E', 'David', 'Martinez', '1977-06-28', 'M', 'MovieWorld'),
('PQR67890F123456F', 'Sarah', 'Wilson', '1995-01-22', 'F', 'Cinematic Views'),
('STU12345G123456G', 'Christopher', 'Anderson', '1983-09-17', 'M', 'FilmCritic Ltd.'),
('VWX67890H123456H', 'Jessica', 'Taylor', '1989-07-11', 'F', 'Reel Insights'),
('YZA12345I123456I', 'Matthew', 'Thomas', '1976-11-30', 'M', 'FilmFocus'),
('BCD67890J123456J', 'Amanda', 'Jackson', '1993-04-18', 'F', 'ScreenRater'),
('EFG12345K123456K', 'Daniel', 'White', '1981-02-08', 'M', 'CineSight'),
('HIJ67890L123456L', 'Ashley', 'Harris', '1990-10-03', 'F', 'FilmMatters'),
('KLM12345M123456M', 'Christopher', 'Clark', '1979-07-24', 'M', 'CinemaCircle'),
('NOP67890N123456N', 'Melissa', 'Lewis', '1986-05-16', 'F', 'FlickFanatic'),
('QRS12345O123456O', 'Kevin', 'Lee', '1996-09-08', 'M', 'MovieMania');


INSERT INTO FilmSphere.Cineasta (Nome, Cognome, DataNascita, LuogoNascita) VALUES
('Steven', 'Spielberg', '1946-12-18', 'USA'),
('Martin', 'Scorsese', '1942-11-17', 'USA'),
('Quentin', 'Tarantino', '1963-03-27', 'USA'),
('Christopher', 'Nolan', '1970-07-30', 'UK'),
('Alfred', 'Hitchcock', '1899-08-13', 'UK'),
('Stanley', 'Kubrick', '1928-07-26', 'USA'),
('James', 'Cameron', '1954-08-16', 'Canada'),
('Francis Ford', 'Coppola', '1939-04-07', 'USA'),
('Woody', 'Allen', '1935-12-01', 'USA'),
('Tim', 'Burton', '1958-08-25', 'USA'),
('David', 'Fincher', '1962-08-28', 'USA'),
('Peter', 'Jackson', '1961-10-31', 'New Zealand'),
('Steven', 'Soderbergh', '1963-01-14', 'USA'),
('Joel', 'Coen', '1954-11-29', 'USA'),
('Ethan', 'Coen', '1957-09-21', 'USA'),
('Ridley', 'Scott', '1937-11-30', 'UK'),
('Spike', 'Lee', '1957-03-20', 'USA'),
('David', 'Lynch', '1946-01-20', 'USA'),
('Clint', 'Eastwood', '1930-05-31', 'USA'),
('George', 'Lucas', '1944-05-14', 'USA'),
('Akira', 'Kurosawa', '1910-03-23', 'Japan'),
('Federico', 'Fellini', '1920-01-20', 'Italy'),
('Orson', 'Welles', '1915-05-06', 'USA'),
('Ingmar', 'Bergman', '1918-07-14', 'Sweden'),
('Roman', 'Polanski', '1933-08-18', 'France'),
('Pedro', 'Almodóvar', '1949-09-25', 'Spain'),
('John', 'Ford', '1894-02-01', 'USA'),
('Charlie', 'Chaplin', '1889-04-16', 'UK'),
('John', 'Cassavetes', '1929-12-09', 'USA'),
('Wes', 'Anderson', '1969-05-01', 'USA'),
('Michael', 'Bay', '1965-02-17', 'USA'),
('François', 'Truffaut', '1932-02-06', 'France'),
('Ang', 'Lee', '1954-10-23', 'Taiwan'),
('Lars', 'von Trier', '1956-04-30', 'Denmark'),
('Robert', 'Altman', '1925-02-20', 'USA'),
('Sam', 'Peckinpah', '1925-02-21', 'USA'),
('Michelangelo', 'Antonioni', '1912-09-29', 'Italy'),
('Billy', 'Wilder', '1906-06-22', 'Austria');


INSERT INTO FilmSphere.Genere (Nome) VALUES
('Action'),
('Adventure'),
('Comedy'),
('Drama'),
('Fantasy'),
('Horror'),
('Mystery'),
('Romance'),
('Sci-Fi'),
('Thriller'),
('Animation'),
('Crime'),
('Documentary'),
('Family'),
('History'),
('Musical'),
('Sport'),
('War'),
('Biography'),
('Western');


INSERT INTO FilmSphere.Film (Titolo, Descrizione, Durata, AnnoDiProduzione, Genere) VALUES
('The Godfather', 'The aging patriarch of an organized crime dynasty transfers control of his clandestine empire to his reluctant son.', 175, 1972, 'Crime'),
('The Shawshank Redemption', 'Two imprisoned men bond over a number of years, finding solace and eventual redemption through acts of common decency.', 142, 1994, 'Drama'),
('The Dark Knight', 'When the menace known as The Joker wreaks havoc and chaos on the people of Gotham, Batman must accept one of the greatest psychological and physical tests of his ability to fight injustice.', 152, 2008, 'Action'),
('Pulp Fiction', 'The lives of two mob hitmen, a boxer, a gangster and his wife, and a pair of diner bandits intertwine in four tales of violence and redemption.', 154, 1994, 'Action'),
('Forrest Gump', 'The presidencies of Kennedy and Johnson, the events of Vietnam, Watergate, and other historical events unfold from the perspective of an Alabama man with an IQ of 75, whose only desire is to be reunited with his childhood sweetheart.', 142, 1994, 'Action'),
('Inception', 'A thief who steals corporate secrets through the use of dream-sharing technology is given the inverse task of planting an idea into the mind of a C.E.O.', 148, 2010, 'Sci-Fi'),
('The Lord of the Rings: The Fellowship of the Ring', 'A meek Hobbit from the Shire and eight companions set out on a journey to destroy the powerful One Ring and save Middle-earth from the Dark Lord Sauron.', 178, 2001, 'Adventure'),
('The Matrix', 'A computer hacker learns from mysterious rebels about the true nature of his reality and his role in the war against its controllers.', 136, 1999, 'Sci-Fi'),
('The Silence of the Lambs', 'A young FBI cadet must receive the help of an incarcerated and manipulative cannibal killer to help catch another serial killer, a madman who skins his victims.', 118, 1991, 'Thriller'),
('The Lord of the Rings: The Return of the King', 'Gandalf and Aragorn lead the World of Men against Sauron''s army to draw his gaze from Frodo and Sam as they approach Mount Doom with the One Ring.', 201, 2003, 'Adventure'),
('The Dark Knight Rises', 'Eight years after the Joker''s reign of anarchy, Batman, with the help of the enigmatic Catwoman, is forced from his exile to save Gotham City from the brutal guerrilla terrorist Bane.', 164, 2012, 'Action'),
('Fight Club', 'An insomniac office worker and a devil-may-care soapmaker form an underground fight club that evolves into something much, much more.', 139, 1999, 'Drama'),
('Goodfellas', 'The story of Henry Hill and his life in the mob, covering his relationship with his wife Karen Hill and his mob partners Jimmy Conway and Tommy DeVito in the Italian-American crime syndicate.', 146, 1990, 'Crime'),
('The Lord of the Rings: The Fellowship of the Ring 2', 'A meek Hobbit from the Shire and eight companions set out on a journey to destroy the powerful One Ring and save Middle-earth from the Dark Lord Sauron.', 178, 2021, 'Adventure'),
('Gladiator', 'A former Roman General sets out to exact vengeance against the corrupt emperor who murdered his family and sent him into slavery.', 155, 2000, 'History'),
('Saving Private Ryan', 'Following the Normandy Landings, a group of U.S. soldiers go behind enemy lines to retrieve a paratrooper whose brothers have been killed in action.', 169, 1998, 'War'),
('The Departed', 'An undercover cop and a mole in the police attempt to identify each other while infiltrating an Irish gang in South Boston.', 151, 2006, 'Drama'),
('The Green Mile', 'The lives of guards on Death Row are affected by one of their charges: a black man accused of child murder and rape, yet who has a mysterious gift.', 189, 1999, 'Fantasy'),
('Titanic', 'A seventeen-year-old aristocrat falls in love with a kind but poor artist aboard the luxurious, ill-fated R.M.S. Titanic.', 195, 1997, 'Romance'),
('Schindler''s List', 'In German-occupied Poland during World War II, industrialist Oskar Schindler gradually becomes concerned for his Jewish workforce after witnessing their persecution by the Nazis.', 195, 1993, 'Biography');


INSERT INTO FilmSphere.Lingua (NomeLingua) VALUES
('English'),
('Spanish'),
('French'),
('German'),
('Chinese'),
('Japanese'),
('Russian'),
('Arabic'),
('Portuguese'),
('Hindi'),
('Bengali'),
('Punjabi'),
('Marathi'),
('Telugu'),
('Tamil'),
('Urdu'),
('Turkish'),
('Korean'),
('Vietnamese'),
('Italian');


INSERT INTO FilmSphere.Carta (Numero, CognomeTitolare, NomeTitolare, DataScadenza, CVV) VALUES
('4532819422349000', 'Smith', 'John', '2024-04-30', '123'),
('5234106723110983', 'Johnson', 'Emily', '2024-06-30', '456'),
('3765689124557812', 'Williams', 'Michael', '2024-08-30', '789'),
('4916238501927769', 'Jones', 'Jessica', '2024-10-31', '234'),
('5410893726443165', 'Brown', 'Chris', '2024-12-31', '567'),
('4485759601238567', 'Davis', 'Sarah', '2025-02-28', '890'),
('5346469012398462', 'Miller', 'David', '2025-04-30', '123'),
('4892330109863251', 'Wilson', 'Laura', '2025-06-30', '456'),
('5281750934867412', 'Taylor', 'Matthew', '2025-08-31', '789'),
('4738296512874310', 'Anderson', 'Jennifer', '2025-10-31', '234'),
('4956172809876443', 'Thomas', 'Amanda', '2025-12-31', '567'),
('4389731542671805', 'Jackson', 'Robert', '2026-02-28', '890'),
('4583190426724387', 'White', 'Megan', '2026-04-30', '123'),
('4762318950012749', 'Harris', 'Daniel', '2026-06-30', '456'),
('4657983123509810', 'Martin', 'Ashley', '2026-08-31', '789'),
('4901378561237598', 'Thompson', 'Justin', '2026-10-31', '234'),
('5371924680137492', 'Garcia', 'Lauren', '2026-12-31', '567'),
('4769312850192736', 'Martinez', 'Ryan', '2027-02-28', '890'),
('5210937648912375', 'Robinson', 'Kimberly', '2027-04-30', '123'),
('4892375610239856', 'Clark', 'Kevin', '2027-06-30', '456'),
('5632187509012374', 'Lewis', 'Erica', '2027-08-31', '789'),
('4827509316740123', 'Lee', 'Jason', '2027-10-31', '234'),
('4956174301298375', 'Walker', 'Michelle', '2027-12-31', '567'),
('4267819350219736', 'Hall', 'Brian', '2028-02-29', '890'),
('4568237019237495', 'Allen', 'Angela', '2028-04-30', '123'),
('4903187560213948', 'Young', 'Samantha', '2028-06-30', '456'),
('4291058735019276', 'King', 'Brandon', '2028-08-31', '789'),
('4987621309854762', 'Wright', 'Stephanie', '2028-10-31', '234'),
('4376902187530924', 'Lopez', 'Kyle', '2028-12-31', '567'),
('5309146870239156', 'Hill', 'Rachel', '2029-02-28', '890'),
('4389750612398745', 'Scott', 'Heather', '2029-04-30', '123'),
('4901836750213897', 'Green', 'Patrick', '2029-06-30', '456'),
('4579031642870159', 'Adams', 'Rachel', '2029-08-31', '789'),
('4981760458123907', 'Baker', 'Joshua', '2029-10-31', '234'),
('4875091837201643', 'Gonzalez', 'Danielle', '2029-12-31', '567'),
('5309487163012947', 'Nelson', 'Andrew', '2030-02-28', '890'),
('4892163058712948', 'Carter', 'Brittany', '2030-04-30', '123'),
('4509128365019287', 'Mitchell', 'Tyler', '2030-06-30', '456'),
('4901273650128934', 'Perez', 'Nicole', '2030-08-31', '789'),
('4587032198650312', 'Roberts', 'Alex', '2030-10-31', '234'),
('4238091560379248', 'Turner', 'Cassandra', '2030-12-31', '567'),
('4758039162850173', 'Phillips', 'Jonathan', '2031-02-28', '890'),
('4950136870213948', 'Campbell', 'Lindsay', '2031-04-30', '123'),
('4901237806519274', 'Evans', 'Jeremy', '2031-06-30', '456'),
('4750928361012948', 'Edwards', 'Christina', '2031-08-31', '789'),
('4973120856439281', 'Collins', 'Austin', '2031-10-31', '234'),
('4901287361029356', 'Stewart', 'Katherine', '2031-12-31', '567'),
('4560783129018475', 'Sanchez', 'Jasmine', '2032-02-29', '890'),
('4782310965820374', 'Morris', 'Jared', '2032-04-30', '123'),
('4981273065912038', 'Rogers', 'Melissa', '2032-06-30', '456'),
('4908127630958214', 'Reed', 'Derek', '2032-08-31', '789'),
('4892170365910283', 'Cook', 'Vanessa', '2032-10-31', '234'),
('4793051826749310', 'Morgan', 'Adam', '2032-12-31', '567'),
('4508912370658942', 'Bell', 'Lindsay', '2033-02-28', '890'),
('4956720381956012', 'Murphy', 'Katie', '2033-04-30', '123'),
('4912673801952475', 'Bailey', 'Sean', '2033-06-30', '456'),
('4801273950681239', 'Rivera', 'Emma', '2033-08-31', '789'),
('4980273169054728', 'Cooper', 'Jeffrey', '2033-10-31', '234'),
('4902316750829371', 'Richardson', 'Tiffany', '2033-12-31', '567'),
('4530879261052938', 'Cox', 'Brandon', '2034-02-28', '890'),
('4912573082674059', 'Howard', 'Kristen', '2034-04-30', '123');


INSERT INTO FilmSphere.FormatoVideo (Nome, Codec, FPS, DataRilascio) VALUES
('MP4', 'H.264', 30, '2003-10-12'),
('AVI', 'MPEG-4', 24, '1992-11-13'),
('MOV', 'H.264', 30, '1991-10-24'),
('WMV', 'WMV3', 30, '2006-03-14'),
('FLV', 'H.264', 30, '2002-11-14'),
('MKV', 'H.264', 24, '2002-09-15'),
('WEBM', 'VP9', 30, '2010-05-19'),
('OGG', 'Theora', 30, '2007-01-15'),
('MPEG', 'MPEG-2', 30, '1993-12-17'),
('3GP', 'H.263', 30, '1998-03-25');


INSERT INTO FilmSphere.FormatoAudio (MaxBitrate, Codec, Nome, DataRilascio) VALUES
(320, 'MP3', 'MP3', '1993-07-14'),
(1411, 'PCM', 'WAV', '1991-09-23'),
(500, 'Vorbis', 'OGG', '2000-07-03'),
(768, 'AAC', 'AAC', '1997-09-01'),
(320, 'WMA', 'WMA', '1999-03-05'),
(1536, 'FLAC', 'FLAC', '2001-07-20'),
(1411, 'AIFF', 'AIFF', '1988-01-02'),
(2116, 'ALAC', 'ALAC', '2004-04-28'),
(1411, 'APE', 'APE', '2000-05-12'),
(384, 'Opus', 'Opus', '2012-08-15');


INSERT INTO FilmSphere.File (Risoluzione, BitRate, QualitaAudio, QualitaVideo, AspectRatio, DimensioneFile, LunghezzaVideo, FormatoVideo, FormatoAudio, Film) VALUES
(720, 320, 'low', 'low', '16:9', '1', '02:55:00', 1, 1, 1),
(1080, 1411, 'medium', 'medium', '16:9', '2', '02:55:00', 2, 2, 1),
(1440, 1536, 'high', 'high', '16:9', '3', '02:55:00', 3, 6, 1),
(2160, 2116, 'high', 'high', '16:9', '4', '02:55:00', 4, 8, 1),
(720, 320, 'low', 'low', '16:9', '1', '02:22:00', 1, 1, 2),
(1080, 1411, 'medium', 'medium', '16:9', '2', '02:22:00', 2, 2, 2),
(1440, 1536, 'high', 'high', '16:9', '3', '02:22:00', 3, 6, 2),
(2160, 2116, 'high', 'high', '16:9', '4', '02:22:00', 4, 8, 2),
(720, 320, 'low', 'low', '16:9', '1', '02:32:00', 1, 1, 3),
(1080, 1411, 'medium', 'medium', '16:9', '2', '02:32:00', 2, 2, 3),
(1440, 1536, 'high', 'high', '16:9', '3', '02:32:00', 3, 6, 3),
(2160, 2116, 'high', 'high', '16:9', '4', '02:32:00', 4, 8, 3),
(720, 320, 'low', 'low', '16:9', '1', '02:34:00', 1, 1, 4),
(1080, 1411, 'medium', 'medium', '16:9', '2', '02:34:00', 2, 2, 4),
(1440, 1536, 'high', 'high', '16:9', '3', '02:34:00', 3, 6, 4),
(2160, 2116, 'high', 'high', '16:9', '4', '02:34:00', 4, 8, 4),
(720, 320, 'low', 'low', '16:9', '1', '02:22:00', 1, 1, 5),
(1080, 1411, 'medium', 'medium', '16:9', '2', '02:22:00', 2, 2, 5),
(1440, 1536, 'high', 'high', '16:9', '3', '02:22:00', 3, 6, 5),
(2160, 2116, 'high', 'high', '16:9', '4', '02:22:00', 4, 8, 5),
(720, 320, 'low', 'low', '16:9', '1', '02:28:00', 1, 1, 6),
(1080, 1411, 'medium', 'medium', '16:9', '2', '02:28:00', 2, 2, 6),
(1440, 1536, 'high', 'high', '16:9', '3', '02:28:00', 3, 6, 6),
(2160, 2116, 'high', 'high', '16:9', '4', '02:28:00', 4, 8, 6),
(720, 320, 'low', 'low', '16:9', '1', '02:58:00', 1, 1, 7),
(1080, 1411, 'medium', 'medium', '16:9', '2', '02:58:00', 2, 2, 7),
(1440, 1536, 'high', 'high', '16:9', '3', '02:58:00', 3, 6, 7),
(2160, 2116, 'high', 'high', '16:9', '4', '02:58:00', 4, 8, 7),
(720, 320, 'low', 'low', '16:9', '1', '02:16:00', 1, 1, 8),
(1080, 1411, 'medium', 'medium', '16:9', '2', '02:16:00', 2, 2, 8),
(1440, 1536, 'high', 'high', '16:9', '3', '02:16:00', 3, 6, 8),
(2160, 2116, 'high', 'high', '16:9', '4', '02:16:00', 4, 8, 8),
(720, 320, 'low', 'low', '16:9', '1', '01:58:00', 1, 1, 9),
(1080, 1411, 'medium', 'medium', '16:9', '2', '01:58:00', 2, 2, 9),
(1440, 1536, 'high', 'high', '16:9', '3', '01:58:00', 3, 6, 9),
(2160, 2116, 'high', 'high', '16:9', '4', '01:58:00', 4, 8, 9),
(720, 320, 'low', 'low', '16:9', '1', '03:21:00', 1, 1, 10),
(1080, 1411, 'medium', 'medium', '16:9', '2', '03:21:00', 2, 2, 10),
(1440, 1536, 'high', 'high', '16:9', '3', '03:21:00', 3, 6, 10),
(2160, 2116, 'high', 'high', '16:9', '4', '03:21:00', 4, 8, 10),
(720, 320, 'low', 'low', '16:9', '1', '02:44:00', 1, 1, 11),
(1080, 1411, 'medium', 'medium', '16:9', '2', '02:44:00', 2, 2, 11),
(1440, 1536, 'high', 'high', '16:9', '3', '02:44:00', 3, 6, 11),
(2160, 2116, 'high', 'high', '16:9', '4', '02:44:00', 4, 8, 11),
(720, 320, 'low', 'low', '16:9', '1', '02:19:00', 1, 1, 12),
(1080, 1411, 'medium', 'medium', '16:9', '2', '02:19:00', 2, 2, 12),
(1440, 1536, 'high', 'high', '16:9', '3', '02:19:00', 3, 6, 12),
(2160, 2116, 'high', 'high', '16:9', '4', '02:19:00', 4, 8, 12),
(720, 320, 'low', 'low', '16:9', '1', '02:26:00', 1, 1, 13),
(1080, 1411, 'medium', 'medium', '16:9', '2', '02:26:00', 2, 2, 13),
(1440, 1536, 'high', 'high', '16:9', '3', '02:26:00', 3, 6, 13),
(2160, 2116, 'high', 'high', '16:9', '4', '02:26:00', 4, 8, 13),
(720, 320, 'low', 'low', '16:9', '1', '02:58:00', 1, 1, 14),
(1080, 1411, 'medium', 'medium', '16:9', '2', '02:58:00', 2, 2, 14),
(1440, 1536, 'high', 'high', '16:9', '3', '02:58:00', 3, 6, 14),
(2160, 2116, 'high', 'high', '16:9', '4', '02:58:00', 4, 8, 14),
(720, 320, 'low', 'low', '16:9', '1', '02:35:00', 1, 1, 15),
(1080, 1411, 'medium', 'medium', '16:9', '2', '02:35:00', 2, 2, 15),
(1440, 1536, 'high', 'high', '16:9', '3', '02:35:00', 3, 6, 15),
(2160, 2116, 'high', 'high', '16:9', '4', '02:35:00', 4, 8, 15),
(720, 320, 'low', 'low', '16:9', '1', '02:49:00', 1, 1, 16),
(1080, 1411, 'medium', 'medium', '16:9', '2', '02:49:00', 2, 2, 16),
(1440, 1536, 'high', 'high', '16:9', '3', '02:49:00', 3, 6, 16),
(2160, 2116, 'high', 'high', '16:9', '4', '02:49:00', 4, 8, 16),
(720, 320, 'low', 'low', '16:9', '1', '02:31:00', 1, 1, 17),
(1080, 1411, 'medium', 'medium', '16:9', '2', '02:31:00', 2, 2, 17),
(1440, 1536, 'high', 'high', '16:9', '3', '02:31:00', 3, 6, 17),
(2160, 2116, 'high', 'high', '16:9', '4', '02:31:00', 4, 8, 17),
(720, 320, 'low', 'low', '16:9', '1', '03:09:00', 1, 1, 18),
(1080, 1411, 'medium', 'medium', '16:9', '2', '03:09:00', 2, 2, 18),
(1440, 1536, 'high', 'high', '16:9', '3', '03:09:00', 3, 6, 18),
(2160, 2116, 'high', 'high', '16:9', '4', '03:09:00', 4, 8, 18),
(720, 320, 'low', 'low', '16:9', '1', '03:15:00', 1, 1, 19),
(1080, 1411, 'medium', 'medium', '16:9', '2', '03:15:00', 2, 2, 19),
(1440, 1536, 'high', 'high', '16:9', '3', '03:15:00', 3, 6, 19),
(2160, 2116, 'high', 'high', '16:9', '4', '03:15:00', 4, 8, 19),
(720, 320, 'low', 'low', '16:9', '1', '03:15:00', 1, 1, 20),
(1080, 1411, 'medium', 'medium', '16:9', '2', '03:15:00', 2, 2, 20),
(1440, 1536, 'high', 'high', '16:9', '3', '03:15:00', 3, 6, 20),
(2160, 2116, 'high', 'high', '16:9', '4', '03:15:00', 4, 8, 20);


INSERT INTO FilmSphere.Produzione (IDFilm, Paese) VALUES
(1, 'Burkina Faso'),
(1, 'Congo'),
(2, 'Philippines'),
(2, 'Malawi'),
(3, 'Tunisia'),
(3, 'Singapore'),
(4, 'Tajikistan'),
(4, 'Kyrgyzstan'),
(5, 'Dominica'),
(5, 'Denmark'),
(6, 'United States of America'),
(6, 'Belarus'),
(7, 'Malta'),
(7, 'Moldova'),
(8, 'Tonga'),
(8, 'Iceland'),
(9, 'Cameroon'),
(9, 'Austria'),
(10, 'South Sudan'),
(10, 'Solomon Islands'),
(11, 'Sierra Leone'),
(11, 'Congo'),
(12, 'Austria'),
(12, 'Cambodia'),
(13, 'Vietnam'),
(13, 'United Arab Emirates'),
(14, 'Bulgaria'),
(14, 'Austria'),
(15, 'Nicaragua'),
(15, 'Madagascar'),
(16, 'Armenia'),
(16, 'Mongolia'),
(17, 'Indonesia'),
(17, 'Cambodia'),
(18, 'Nicaragua'),
(18, 'Botswana'),
(19, 'Australia'),
(19, 'Bolivia'),
(20, 'Georgia'),
(20, 'Sierra Leone');


INSERT INTO FilmSphere.Critica (CFUtente, IDFilm, Testo, Punteggio) VALUES
('STU12345G123456G', 1, 'Critica per il film The Godfather', 4),
('BCD67890J123456J', 1, 'Critica per il film The Godfather', 5),
('MNO12345E123456E', 2, 'Critica per il film The Shawshank Redemption', 2),
('VWX67890H123456H', 2, 'Critica per il film The Shawshank Redemption', 4),
('STU12345G123456G', 3, 'Critica per il film The Dark Knight', 6),
('HIJ67890L123456L', 3, 'Critica per il film The Dark Knight', 3),
('JKL67890D123456D', 4, 'Critica per il film Pulp Fiction', 8),
('YZA12345I123456I', 4, 'Critica per il film Pulp Fiction', 5),
('EFG12345K123456K', 5, 'Critica per il film Forrest Gump', 10),
('YZA12345I123456I', 5, 'Critica per il film Forrest Gump', 1),
('NOP67890N123456N', 6, 'Critica per il film Inception', 9),
('HIJ67890L123456L', 6, 'Critica per il film Inception', 4),
('YZA12345I123456I', 7, 'Critica per il film The Lord of the Rings: The Fellowship of the Ring', 6),
('GHI12345C123456C', 7, 'Critica per il film The Lord of the Rings: The Fellowship of the Ring', 9),
('KLM12345M123456M', 8, 'Critica per il film The Matrix', 9),
('BCD67890J123456J', 8, 'Critica per il film The Matrix', 6),
('VWX67890H123456H', 9, 'Critica per il film The Silence of the Lambs', 6),
('KLM12345M123456M', 9, 'Critica per il film The Silence of the Lambs', 3),
('DEF67890B123456B', 10, 'Critica per il film The Lord of the Rings: The Return of the King', 1),
('BCD67890J123456J', 10, 'Critica per il film The Lord of the Rings: The Return of the King', 6),
('VWX67890H123456H', 11, 'Critica per il film The Dark Knight Rises', 10),
('PQR67890F123456F', 11, 'Critica per il film The Dark Knight Rises', 8),
('EFG12345K123456K', 12, 'Critica per il film Fight Club', 10),
('NOP67890N123456N', 12, 'Critica per il film Fight Club', 2),
('STU12345G123456G', 13, 'Critica per il film Goodfellas', 6),
('MNO12345E123456E', 13, 'Critica per il film Goodfellas', 1),
('QRS12345O123456O', 14, 'Critica per il film The Lord of the Rings: The Fellowship of the Ring', 9),
('ABC12345A123456A', 14, 'Critica per il film The Lord of the Rings: The Fellowship of the Ring', 1),
('NOP67890N123456N', 15, 'Critica per il film Gladiator', 1),
('GHI12345C123456C', 15, 'Critica per il film Gladiator', 5),
('DEF67890B123456B', 16, 'Critica per il film Saving Private Ryan', 2),
('ABC12345A123456A', 16, 'Critica per il film Saving Private Ryan', 8),
('QRS12345O123456O', 17, 'Critica per il film The Departed', 8),
('DEF67890B123456B', 17, 'Critica per il film The Departed', 9),
('HIJ67890L123456L', 18, 'Critica per il film The Green Mile', 5),
('MNO12345E123456E', 18, 'Critica per il film The Green Mile', 3),
('NOP67890N123456N', 19, 'Critica per il film Titanic', 2),
('DEF67890B123456B', 19, 'Critica per il film Titanic', 7),
('PQR67890F123456F', 20, "Critica per il film Schindler's List", 2),
('QRS12345O123456O', 20, "Critica per il film Schindler's List", 6);


INSERT INTO FilmSphere.Recensione (CFUtente, IDFilm, Testo, Punteggio) VALUES
('HIJ67890D1123456', 12, 'Recensione film.', 7),
('MNO12345O112356O', 2, 'Recensione film.', 1),
('MNO12345E123456E', 1, 'Recensione film.', 9),
('XYZ67890R123456R', 9, 'Recensione film.', 3),
('QRS12345G1123456', 8, 'Recensione film.', 5),
('STU67890P123456P', 9, 'Recensione film.', 2),
('EFG12345C1123456', 4, 'Recensione film.', 2),
('GHI12345C123456C', 16, 'Recensione film.', 8),
('MNO12345W123456W', 17, 'Recensione film.', 1),
('EFG12345C1123456', 13, 'Recensione film.', 8),
('ABC12345K112356K', 7, 'Recensione film.', 4),
('GHI12345C123456C', 12, 'Recensione film.', 10),
('UVW12345I112346I', 13, 'Recensione film.', 8),
('PQR67890P112356P', 1, 'Recensione film.', 4),
('DEF67890T123456T', 7, 'Recensione film.', 9),
('XYZ67890R123456R', 5, 'Recensione film.', 10),
('MNO12345E123456E', 16, 'Recensione film.', 7),
('PQR67890X123456X', 8, 'Recensione film.', 4),
('STU12345G123456G', 1, 'Recensione film.', 3),
('KLM12345E1123456', 9, 'Recensione film.', 5),
('ABC12345A123456A', 7, 'Recensione film.', 2),
('XYZ67890J112356J', 10, 'Recensione film.', 5),
('STU67890P123456P', 4, 'Recensione film.', 1),
('VWX67890Z123456Z', 3, 'Recensione film.', 3),
('ABC12345A123456A', 13, 'Recensione film.', 9);


INSERT INTO FilmSphere.Audio (IDFile, LinguaAudio) VALUES
(1, 'Turkish'),
(1, 'Bengali'),
(1, 'Japanese'),
(1, 'Marathi'),
(1, 'Urdu'),
(2, 'Tamil'),
(2, 'Japanese'),
(2, 'Korean'),
(2, 'Russian'),
(2, 'Portuguese'),
(3, 'Vietnamese'),
(3, 'Russian'),
(3, 'Punjabi'),
(3, 'Marathi'),
(3, 'Portuguese'),
(4, 'Chinese'),
(4, 'Tamil'),
(4, 'Portuguese'),
(4, 'Vietnamese'),
(4, 'German'),
(5, 'Italian'),
(5, 'German'),
(5, 'Punjabi'),
(5, 'Vietnamese'),
(5, 'French'),
(6, 'Urdu'),
(6, 'Turkish'),
(6, 'Russian'),
(6, 'Portuguese'),
(6, 'Japanese'),
(7, 'Urdu'),
(7, 'English'),
(7, 'Marathi'),
(7, 'Hindi'),
(7, 'Tamil'),
(8, 'Italian'),
(8, 'Japanese'),
(8, 'German'),
(8, 'Telugu'),
(8, 'Arabic'),
(9, 'French'),
(9, 'German'),
(9, 'Punjabi'),
(9, 'Vietnamese'),
(9, 'Russian'),
(10, 'Portuguese'),
(10, 'Urdu'),
(10, 'German'),
(10, 'Italian'),
(10, 'Chinese'),
(11, 'Tamil'),
(11, 'Japanese'),
(11, 'Turkish'),
(11, 'Italian'),
(11, 'German'),
(12, 'Russian'),
(12, 'Hindi'),
(12, 'Korean'),
(12, 'Italian'),
(12, 'German'),
(13, 'Urdu'),
(13, 'Punjabi'),
(13, 'German'),
(13, 'Italian'),
(13, 'Spanish'),
(14, 'Bengali'),
(14, 'Russian'),
(14, 'Marathi'),
(14, 'Spanish'),
(14, 'Vietnamese'),
(15, 'Portuguese'),
(15, 'Hindi'),
(15, 'English'),
(15, 'Italian'),
(15, 'Telugu'),
(16, 'Urdu'),
(16, 'Turkish'),
(16, 'Punjabi'),
(16, 'English'),
(16, 'Italian'),
(17, 'Bengali'),
(17, 'Urdu'),
(17, 'Marathi'),
(17, 'Spanish'),
(17, 'Hindi'),
(18, 'Chinese'),
(18, 'Urdu'),
(18, 'Bengali'),
(18, 'Marathi'),
(18, 'Vietnamese'),
(19, 'Russian'),
(19, 'Hindi'),
(19, 'Punjabi'),
(19, 'Korean'),
(19, 'Turkish'),
(20, 'Arabic'),
(20, 'Bengali'),
(20, 'Telugu'),
(20, 'Italian'),
(20, 'German');


INSERT INTO FilmSphere.Sottotitolo (IDFile, LinguaSottotitolo) VALUES
(1, 'Turkish'),
(1, 'Bengali'),
(1, 'Japanese'),
(1, 'Marathi'),
(1, 'Urdu'),
(2, 'Tamil'),
(2, 'Japanese'),
(2, 'Korean'),
(2, 'Russian'),
(2, 'Portuguese'),
(3, 'Vietnamese'),
(3, 'Russian'),
(3, 'Punjabi'),
(3, 'Marathi'),
(3, 'Portuguese'),
(4, 'Chinese'),
(4, 'Tamil'),
(4, 'Portuguese'),
(4, 'Vietnamese'),
(4, 'German'),
(5, 'Italian'),
(5, 'German'),
(5, 'Punjabi'),
(5, 'Vietnamese'),
(5, 'French'),
(6, 'Urdu'),
(6, 'Turkish'),
(6, 'Russian'),
(6, 'Portuguese'),
(6, 'Japanese'),
(7, 'Urdu'),
(7, 'English'),
(7, 'Marathi'),
(7, 'Hindi'),
(7, 'Tamil'),
(8, 'Italian'),
(8, 'Japanese'),
(8, 'German'),
(8, 'Telugu'),
(8, 'Arabic'),
(9, 'French'),
(9, 'German'),
(9, 'Punjabi'),
(9, 'Vietnamese'),
(9, 'Russian'),
(10, 'Portuguese'),
(10, 'Urdu'),
(10, 'German'),
(10, 'Italian'),
(10, 'Chinese'),
(11, 'Tamil'),
(11, 'Japanese'),
(11, 'Turkish'),
(11, 'Italian'),
(11, 'German'),
(12, 'Russian'),
(12, 'Hindi'),
(12, 'Korean'),
(12, 'Italian'),
(12, 'German'),
(13, 'Urdu'),
(13, 'Punjabi'),
(13, 'German'),
(13, 'Italian'),
(13, 'Spanish'),
(14, 'Bengali'),
(14, 'Russian'),
(14, 'Marathi'),
(14, 'Spanish'),
(14, 'Vietnamese'),
(15, 'Portuguese'),
(15, 'Hindi'),
(15, 'English'),
(15, 'Italian'),
(15, 'Telugu'),
(16, 'Urdu'),
(16, 'Turkish'),
(16, 'Punjabi'),
(16, 'English'),
(16, 'Italian'),
(17, 'Bengali'),
(17, 'Urdu'),
(17, 'Marathi'),
(17, 'Spanish'),
(17, 'Hindi'),
(18, 'Chinese'),
(18, 'Urdu'),
(18, 'Bengali'),
(18, 'Marathi'),
(18, 'Vietnamese'),
(19, 'Russian'),
(19, 'Hindi'),
(19, 'Punjabi'),
(19, 'Korean'),
(19, 'Turkish'),
(20, 'Arabic'),
(20, 'Bengali'),
(20, 'Telugu'),
(20, 'Italian'),
(20, 'German');


INSERT INTO FilmSphere.Preferenza (NumCarta, CF) VALUES
(4956172809876443, 'ABC12345A123456A'),
(4389750612398745, 'ABC12345A123456A'),
(4738296512874310, 'ABC12345K112356K'),
(5309146870239156, 'ABC12345K112356K'),
(4892170365910283, 'ABC12345S123456S'),
(5410893726443165, 'ABC12345S123456S'),
(4901836750213897, 'BCD67890B1123456'),
(4508912370658942, 'BCD67890B1123456'),
(4902316750829371, 'BCD67890J123456J'),
(4291058735019276, 'BCD67890J123456J'),
(5210937648912375, 'DEF67890B123456B'),
(4782310965820374, 'DEF67890B123456B'),
(4956720381956012, 'DEF67890L112356L'),
(5632187509012374, 'DEF67890L112356L'),
(4981273065912038, 'DEF67890T123456T'),
(5281750934867412, 'DEF67890T123456T'),
(4912673801952475, 'EFG12345C1123456'),
(4908127630958214, 'EFG12345C1123456'),
(4912573082674059, 'EFG12345K123456K'),
(4587032198650312, 'EFG12345K123456K'),
(4532819422349000, 'GHI12345C123456C'),
(4793051826749310, 'GHI12345C123456C'),
(4568237019237495, 'GHI12345M112356M'),
(5371924680137492, 'GHI12345M112356M'),
(4956174301298375, 'GHI12345U123456U'),
(4892163058712948, 'GHI12345U123456U'),
(4485759601238567, 'HIJ67890D1123456'),
(4916238501927769, 'HIJ67890D1123456'),
(4509128365019287, 'HIJ67890L123456L'),
(4583190426724387, 'HIJ67890L123456L'),
(4827509316740123, 'JKL67890D123456D'),
(4901287361029356, 'JKL67890D123456D'),
(4901237806519274, 'JKL67890N112356N'),
(4901378561237598, 'JKL67890N112356N'),
(5346469012398462, 'JKL67890V123456V'),
(4892375610239856, 'JKL67890V123456V'),
(4950136870213948, 'KLM12345E1123456'),
(4987621309854762, 'KLM12345E1123456'),
(4267819350219736, 'KLM12345M123456M'),
(3765689124557812, 'KLM12345M123456M'),
(4980273169054728, 'MNO12345E123456E'),
(4903187560213948, 'MNO12345E123456E'),
(4376902187530924, 'MNO12345O112356O'),
(4389731542671805, 'MNO12345O112356O'),
(4901273650128934, 'MNO12345W123456W'),
(5309487163012947, 'MNO12345W123456W'),
(4973120856439281, 'NOP67890F1123456'),
(4769312850192736, 'NOP67890F1123456'),
(4238091560379248, 'NOP67890N123456N'),
(4657983123509810, 'NOP67890N123456N'),
(4892330109863251, 'PQR67890F123456F'),
(4579031642870159, 'PQR67890F123456F'),
(4750928361012948, 'PQR67890P112356P'),
(4762318950012749, 'PQR67890P112356P'),
(4801273950681239, 'PQR67890X123456X'),
(4981760458123907, 'PQR67890X123456X'),
(5234106723110983, 'QRS12345G1123456'),
(4875091837201643, 'QRS12345G1123456'),
(4560783129018475, 'QRS12345O123456O'),
(4530879261052938, 'QRS12345O123456O'),
(4758039162850173, 'STU12345G123456G');


INSERT INTO FilmSphere.Fattura (DataEmissione, Importo, NumeroCarta, Utente)VALUES
('2024-03-16', 100.00, 4389750612398745, 'ABC12345A123456A'),
('2024-03-20', 150.00, 4956172809876443, 'ABC12345A123456A'),
('2024-03-15', 200.00, 4738296512874310, 'ABC12345K112356K'),
('2024-03-17', 120.00, 5309146870239156, 'ABC12345K112356K'),
('2024-03-14', 180.00, 4892170365910283, 'ABC12345S123456S'),
('2024-03-18', 90.00, 5410893726443165, 'ABC12345S123456S'),
('2024-03-06', 250.00, 4508912370658942, 'BCD67890B1123456'),
('2024-03-08', 300.00, 4901836750213897, 'BCD67890B1123456'),
('2024-03-27', 80.00, 4291058735019276, 'BCD67890J123456J'),
('2024-03-21', 160.00, 4902316750829371, 'BCD67890J123456J'),
('2024-03-04', 220.00, 4782310965820374, 'DEF67890B123456B'),
('2024-03-12', 130.00, 5210937648912375, 'DEF67890B123456B'),
('2024-03-03', 190.00, 4956720381956012, 'DEF67890L112356L'),
('2024-03-13', 240.00, 5632187509012374, 'DEF67890L112356L'),
('2024-02-28', 270.00, 4981273065912038, 'DEF67890T123456T'),
('2024-03-27', 230.00, 5281750934867412, 'DEF67890T123456T'),
('2024-04-28', 200.00, 4908127630958214, 'EFG12345C1123456'),
('2024-04-20', 250.00, 4912673801952475, 'EFG12345C1123456'),
('2024-04-11', 150.00, 4587032198650312, 'EFG12345K123456K'),
('2024-04-20', 130.00, 4912573082674059, 'EFG12345K123456K'),
('2024-04-22', 140.00, 4532819422349000, 'GHI12345C123456C'),
('2024-04-01', 160.00, 4793051826749310, 'GHI12345C123456C'),
('2024-04-13', 170.00, 4568237019237495, 'GHI12345M112356M'),
('2024-04-16', 110.00, 5371924680137492, 'GHI12345M112356M'),
('2024-04-27', 240.00, 4892163058712948, 'GHI12345U123456U'),
('2024-04-25', 180.00, 4956174301298375, 'GHI12345U123456U'),
('2024-03-07', 220.00, 4485759601238567, 'HIJ67890D1123456'),
('2024-04-19', 190.00, 4916238501927769, 'HIJ67890D1123456'),
('2024-04-17', 130.00, 4509128365019287, 'HIJ67890L123456L'),
('2024-04-11', 210.00, 4583190426724387, 'HIJ67890L123456L'),
('2024-04-02', 250.00, 4827509316740123, 'JKL67890D123456D'),
('2024-04-20', 150.00, 4901287361029356, 'JKL67890D123456D'),
('2024-04-11', 200.00, 4901237806519274, 'JKL67890N112356N'),
('2024-04-25', 160.00, 4901378561237598, 'JKL67890N112356N'),
('2024-04-09', 180.00, 4892375610239856, 'JKL67890V123456V'),
('2024-04-10', 210.00, 5346469012398462, 'JKL67890V123456V'),
('2024-03-14', 140.00, 4950136870213948, 'KLM12345E1123456'),
('2024-03-11', 180.00, 4987621309854762, 'KLM12345E1123456'),
('2024-03-03', 250.00, 3765689124557812, 'KLM12345M123456M'),
('2024-04-02', 160.00, 4267819350219736, 'KLM12345M123456M'),
('2024-03-19', 130.00, 4903187560213948, 'MNO12345E123456E'),
('2024-03-18', 170.00, 4980273169054728, 'MNO12345E123456E'),
('2024-03-27', 230.00, 4376902187530924, 'MNO12345O112356O'),
('2024-03-22', 220.00, 4389731542671805, 'MNO12345O112356O'),
('2024-04-01', 190.00, 4901273650128934, 'MNO12345W123456W'),
('2024-04-08', 150.00, 5309487163012947, 'MNO12345W123456W'),
('2024-03-07', 140.00, 4769312850192736, 'NOP67890F1123456'),
('2024-04-30', 110.00, 4973120856439281, 'NOP67890F1123456'),
('2024-03-27', 180.00, 4238091560379248, 'NOP67890N123456N'),
('2024-04-05', 140.00, 4657983123509810, 'NOP67890N123456N'),
('2024-04-20', 250.00, 4579031642870159, 'PQR67890F123456F'),
('2024-04-22', 190.00, 4892330109863251, 'PQR67890F123456F'),
('2024-04-28', 160.00, 4750928361012948, 'PQR67890P112356P'),
('2024-04-29', 200.00, 4762318950012749, 'PQR67890P112356P'),
('2024-04-26', 220.00, 4801273950681239, 'PQR67890X123456X'),
('2024-04-03', 210.00, 4981760458123907, 'PQR67890X123456X'),
('2024-03-16', 170.00, 4875091837201643, 'QRS12345G1123456'),
('2024-03-10', 130.00, 5234106723110983, 'QRS12345G1123456'),
('2024-04-07', 190.00, 4530879261052938, 'QRS12345O123456O'),
('2024-03-20', 150.00, 4560783129018475, 'QRS12345O123456O'),
('2024-03-22', 160.00, 4758039162850173, 'STU12345G123456G');


INSERT INTO FilmSphere.Regia (IdCineasta, Film) VALUES
(1, 1),
(2, 1),
(3, 2),
(4, 2),
(5, 3),
(6, 3),
(7, 4),
(8, 4),
(9, 5),
(10, 5),
(11, 6),
(12, 6),
(13, 7),
(14, 7),
(15, 8),
(16, 8),
(17, 9),
(18, 9),
(19, 10),
(20, 10),
(21, 11),
(22, 11),
(23, 12),
(24, 12),
(25, 13),
(26, 13),
(27, 14),
(28, 14),
(29, 15),
(30, 15),
(31, 16),
(32, 16),
(33, 17),
(34, 17),
(35, 18),
(36, 18),
(37, 19),
(38, 19),
(1, 20),
(2, 20);


INSERT INTO FilmSphere.Server(IndirizzoIP, Latitudine, Longitudine, CAPBanda, CAPTrasmissione, DimensioneCache, Paese) VALUES
('101.129.202.30', 0.8533483319296785, 1.528358989482813, 5000, 40, 1536, 'Qatar'),
('166.113.230.231', 0.3792740282458477, 0.47543130831970765, 5000, 40, 1536, 'Kenya'),
('124.48.93.222', 1.1785835401649616, 2.7329584725539675, 5000, 40, 1536, 'Barbados'),
('138.111.46.240', 0.07883676313042819, 2.6522905122929927, 5000, 40, 1024, 'Ecuador'),
('164.61.212.226', 0.2907543083018721, 2.385934402387092, 5000, 40, 1024, 'Micronesia'),
('216.57.215.48', 0.125116175940185, 3.002835226816636, 5000, 40, 1024, 'Marshall Islands'),
('172.129.241.228', 1.1928897795233329, 1.006272659193892, 5000, 40, 1024, 'Nauru'),
('56.211.158.74', 0.29370535003189907, 1.9923855032076037, 5000, 40, 1536, 'Kazakhstan'),
('49.151.212.73', 0.5062511755688535, 1.254734927934301, 5000, 40, 1024, 'Myanmar'),
('240.106.209.18', 0.9134410782694817, 1.7545646529905545, 5000, 40, 1536, 'Kyrgyzstan'),
('62.211.105.142', 0.013019542876449863, 3.034762153461256, 5000, 40, 1536, 'Morocco'),
('89.74.221.115', 0.9339167077281605, 1.1112345881725005, 5000, 40, 1536, 'United Kingdom'),
('37.93.59.17', 0.20319691150117788, 1.9783097560012108, 5000, 40, 1536, 'Guatemala'),
('164.13.216.59', 1.5092360576884694, 3.132010697931311, 5000, 40, 1024, 'Monaco'),
('219.34.63.81', 0.2646951807695665, 0.7848725983206248, 5000, 40, 1536, 'Thailand'),
('249.145.31.0', 0.128116369480925, 0.12856466844841696, 5000, 40, 1536, 'Solomon Islands'),
('250.87.127.37', 0.7642739389771828, 2.7451282007554885, 5000, 40, 1536, 'Bahrain'),
('152.227.188.208', 0.8025535686048557, 1.0598456449971896, 5000, 40, 1536, 'Israel'),
('153.137.145.87', 1.1170224617992857, 2.487427533626694, 5000, 40, 1536, 'Italy'),
('196.20.168.152', 0.8844625789701053, 0.6192445141340734, 5000, 40, 1024, 'Cambodia');


INSERT INTO FilmSphere.Recitazione (IdCineasta, Film, NomePersonaggio) VALUES
(1, 1, 'John Doe'),
(2, 1, 'Jane Smith'),
(3, 1, 'Mike Johnson'),
(4, 1, 'Sarah Thompson'),
(5, 2, 'David Brown'),
(6, 2, 'Emily White'),
(7, 2, 'Michael Davis'),
(8, 2, 'Olivia Parker'),
(9, 3, 'Jason Anderson'),
(10, 3, 'Jessica Taylor'),
(11, 3, 'Robert Clark'),
(12, 3, 'Samantha Evans'),
(13, 4, 'Christopher Lee'),
(14, 4, 'Amanda Hill'),
(15, 4, 'Kevin Moore'),
(16, 4, 'Laura King'),
(17, 5, 'Matthew Allen'),
(18, 5, 'Jennifer Carter'),
(19, 5, 'Daniel Martinez'),
(20, 5, 'Alexis Adams'),
(21, 6, 'Ryan Scott'),
(22, 6, 'Melissa Wright'),
(23, 6, 'Joshua Young'),
(24, 6, 'Hannah Stewart'),
(25, 7, 'Nicholas Wilson'),
(26, 7, 'Ashley Harris'),
(27, 7, 'William Thompson'),
(28, 7, 'Victoria Rodriguez'),
(29, 8, 'Brandon Turner'),
(30, 8, 'Rachel Allen'),
(31, 8, 'Justin Martinez'),
(32, 8, 'Nicole Lopez'),
(33, 9, 'Jonathan Adams'),
(34, 9, 'Rebecca White'),
(35, 9, 'Andrew Green'),
(36, 9, 'Stephanie Clark'),
(37, 10, 'Tyler King'),
(38, 10, 'Emma Garcia'),
(1, 11, 'Jacob Brown'),
(2, 11, 'Madison Moore'),
(3, 11, 'William Taylor'),
(4, 11, 'Sophia Rodriguez'),
(5, 12, 'Ethan Hernandez'),
(6, 12, 'Chloe Young'),
(7, 12, 'James Lee'),
(8, 12, 'Lily Thompson'),
(9, 13, 'Nathan Allen'),
(10, 13, 'Grace Martinez'),
(11, 13, 'Dylan Harris'),
(12, 13, 'Avery Turner'),
(13, 14, 'Cameron White'),
(14, 14, 'Hailey Clark'),
(15, 14, 'Jackson Adams'),
(16, 14, 'Abigail Rodriguez'),
(17, 15, 'Lucas Green'),
(18, 15, 'Samantha King'),
(19, 15, 'Evan Garcia'),
(20, 15, 'Mia Brown'),
(21, 16, 'Logan Moore'),
(22, 16, 'Zoe Taylor'),
(23, 16, 'Gabriel Martinez'),
(24, 16, 'Natalie Harris'),
(25, 17, 'Jackson Hernandez'),
(26, 17, 'Lillian Young'),
(27, 17, 'Christopher Lee'),
(28, 17, 'Alyssa Thompson'),
(29, 18, 'Carter Allen'),
(30, 18, 'Addison Turner'),
(31, 18, 'David White'),
(32, 18, 'Sophia Clark'),
(33, 19, 'Mason Adams'),
(34, 19, 'Elizabeth Rodriguez'),
(35, 19, 'Michael Brown'),
(36, 19, 'Emma Moore'),
(37, 20, 'Noah Taylor'),
(38, 20, 'Ava Martinez');


INSERT INTO FilmSphere.PremiCineasta (Nome, Importanza, Categoria) VALUES
('Oscar Miglior Attrice', 5, 'Miglior Attrice'),
('Oscar Miglior Attore', 4, 'Miglior Attore'),
('Golden Globe Miglior Attrice', 3, 'Miglior Attrice'),
('Golden Globe Miglior Attore', 4, 'Miglior Attore'),
('BAFTA Miglior Attrice', 5, 'Miglior Attrice'),
('BAFTA Miglior Attore', 3, 'Miglior Attore'),
('Cannes Film Festival Miglior Attrice', 4, 'Miglior Attrice'),
('Cannes Film Festival Miglior Attore', 3, 'Miglior Attore'),
('Venice Film Festival Miglior Attrice', 4, 'Miglior Attrice'),
('Venice Film Festival Miglior Attore', 2, 'Miglior Attore'),
('SAG Awards Miglior Attrice', 5, 'Miglior Attrice'),
('SAG Awards Miglior Attore', 3, 'Miglior Attore'),
('Critics Choice Miglior Attrice', 4, 'Miglior Attrice'),
('Critics Choice Miglior Attore', 4, 'Miglior Attore'),
('Berlin Int Film Festival Miglior Attrice', 5, 'Miglior Attrice');


INSERT INTO FilmSphere.PremiFilm (Nome, Importanza, Categoria) VALUES
('Oscar Miglior Film', 5, 'Miglior Film'),
('Golden Globe Miglior Film', 4, 'Miglior Film'),
('BAFTA Miglior Film', 3, 'Miglior Film'),
('Cannes Film Festival Palma d''Oro', 5, 'Miglior Film'),
('Venice Film Festival Leone d''Oro', 4, 'Miglior Film'),
('Berlin Int Film Festival Orso d''Oro', 3, 'Miglior Film'),
('Critics Choice Miglior Film', 5, 'Miglior Film'),
('Sundance Film Festival Grand Jury Prize', 4, 'Miglior Film'),
('Gotham Awards Miglior Film', 3, 'Miglior Film'),
('Independent Spirit Awards Miglior Film', 4, 'Miglior Film');

INSERT INTO FilmSphere.Vincita VALUES
(16, 1, "2020-04-04"),
(14, 9, "2023-03-26"),
(10, 9, "2024-01-12"),
(20, 2, "2020-03-14"),
(13, 8, "2020-03-04"),
(11, 1, "2022-12-06"),
(13, 9, "2022-01-09"),
(9, 8, "2021-08-24"),
(17, 7, "2020-12-28"),
(10, 10, "2021-01-30"),
(4, 3, "2020-05-02"),
(4, 6, "2023-09-08"),
(7, 8, "2020-08-19"),
(19, 5, "2022-01-01"),
(14, 7, "2024-03-19"),
(7, 5, "2022-05-06"),
(8, 6, "2023-07-08"),
(11, 9, "2020-03-24"),
(9, 4, "2023-07-27"),
(6, 9, "2023-10-24"),
(9, 2, "2020-02-17"),
(13, 3, "2020-03-28"),
(5, 7, "2024-01-19"),
(11, 10, "2022-06-13"),
(7, 6, "2021-07-27"),
(11, 6, "2024-03-13"),
(20, 5, "2022-03-04"),
(1, 3, "2020-08-20"),
(17, 2, "2020-06-16"),
(9, 3, "2022-01-03"),
(4, 2, "2024-03-21"),
(16, 2, "2020-10-12"),
(2, 3, "2021-12-29"),
(7, 1, "2023-10-08"),
(9, 6, "2021-04-25"),
(20, 10, "2023-11-01"),
(16, 4, "2022-09-04"),
(12, 9, "2020-08-29"),
(2, 4, "2023-05-02"),
(10, 2, "2023-01-01"),
(5, 4, "2022-01-19"),
(1, 8, "2024-01-20"),
(17, 6, "2020-03-28"),
(15, 3, "2021-03-18"),
(17, 8, "2020-08-07"),
(3, 1, "2022-05-20"),
(18, 8, "2023-02-08"),
(20, 9, "2023-06-14"),
(18, 7, "2023-07-02"),
(18, 5, "2022-08-19"),
(13, 7, "2020-02-02"),
(8, 2, "2023-08-07"),
(5, 3, "2021-01-20"),
(2, 10, "2021-02-19"),
(8, 8, "2020-06-05"),
(6, 4, "2023-02-06"),
(17, 10, "2021-12-01"),
(12, 1, "2022-05-12"),
(13, 2, "2023-07-10"),
(19, 10, "2020-08-03"),
(14, 1, "2021-04-20"),
(10, 8, "2022-01-20"),
(15, 8, "2020-06-06"),
(9, 7, "2021-06-03"),
(20, 1, "2020-02-14"),
(4, 8, "2023-08-09"),
(7, 4, "2020-12-15"),
(7, 2, "2021-01-27"),
(8, 10, "2023-07-02"),
(20, 8, "2021-01-14"),
(14, 5, "2022-10-15"),
(16, 5, "2023-10-20"),
(3, 7, "2022-09-25"),
(10, 3, "2023-06-24"),
(1, 6, "2020-03-18"),
(11, 5, "2020-11-20"),
(4, 1, "2022-04-03"),
(19, 2, "2022-11-18"),
(5, 1, "2023-11-23"),
(18, 3, "2020-06-19"),
(6, 7, "2021-05-04"),
(3, 2, "2022-10-06"),
(2, 6, "2023-04-27"),
(19, 9, "2023-11-21"),
(8, 4, "2023-09-30");

INSERT INTO FilmSphere.PoP VALUES
(51, '89.74.221.115'),
(41, '89.74.221.115'),
(14, '89.74.221.115'),
(45, '89.74.221.115'),
(9, '89.74.221.115'),
(6, '89.74.221.115'),
(54, '89.74.221.115'),
(47, '89.74.221.115'),
(74, '89.74.221.115'),
(23, '89.74.221.115'),
(36, '89.74.221.115'),
(16, '89.74.221.115'),
(77, '89.74.221.115'),
(70, '89.74.221.115'),
(56, '89.74.221.115'),
(62, '89.74.221.115'),
(58, '89.74.221.115'),
(75, '89.74.221.115'),
(12, '89.74.221.115'),
(13, '89.74.221.115'),
(21, '89.74.221.115'),
(35, '89.74.221.115'),
(33, '89.74.221.115'),
(32, '89.74.221.115'),
(18, '89.74.221.115'),
(5, '62.211.105.142'),
(34, '62.211.105.142'),
(47, '62.211.105.142'),
(78, '62.211.105.142'),
(10, '62.211.105.142'),
(21, '62.211.105.142'),
(50, '62.211.105.142'),
(31, '62.211.105.142'),
(60, '62.211.105.142'),
(72, '62.211.105.142'),
(17, '62.211.105.142'),
(48, '62.211.105.142'),
(7, '62.211.105.142'),
(73, '62.211.105.142'),
(1, '62.211.105.142'),
(63, '62.211.105.142'),
(58, '62.211.105.142'),
(24, '62.211.105.142'),
(6, '62.211.105.142'),
(22, '62.211.105.142'),
(41, '62.211.105.142'),
(25, '62.211.105.142'),
(67, '62.211.105.142'),
(57, '62.211.105.142'),
(11, '62.211.105.142'),
(54, '56.211.158.74'),
(38, '56.211.158.74'),
(55, '56.211.158.74'),
(63, '56.211.158.74'),
(30, '56.211.158.74'),
(3, '56.211.158.74'),
(47, '56.211.158.74'),
(36, '56.211.158.74'),
(14, '56.211.158.74'),
(79, '56.211.158.74'),
(66, '56.211.158.74'),
(2, '56.211.158.74'),
(41, '56.211.158.74'),
(49, '56.211.158.74'),
(28, '56.211.158.74'),
(13, '56.211.158.74'),
(16, '56.211.158.74'),
(70, '56.211.158.74'),
(57, '56.211.158.74'),
(40, '56.211.158.74'),
(59, '56.211.158.74'),
(77, '56.211.158.74'),
(62, '56.211.158.74'),
(50, '56.211.158.74'),
(46, '56.211.158.74'),
(62, '49.151.212.73'),
(3, '49.151.212.73'),
(55, '49.151.212.73'),
(68, '49.151.212.73'),
(57, '49.151.212.73'),
(31, '49.151.212.73'),
(35, '49.151.212.73'),
(56, '49.151.212.73'),
(1, '49.151.212.73'),
(54, '49.151.212.73'),
(34, '49.151.212.73'),
(71, '49.151.212.73'),
(66, '49.151.212.73'),
(78, '49.151.212.73'),
(18, '49.151.212.73'),
(61, '49.151.212.73'),
(43, '49.151.212.73'),
(7, '49.151.212.73'),
(21, '49.151.212.73'),
(14, '49.151.212.73'),
(16, '49.151.212.73'),
(52, '49.151.212.73'),
(47, '49.151.212.73'),
(42, '49.151.212.73'),
(70, '49.151.212.73'),
(6, '37.93.59.17'),
(13, '37.93.59.17'),
(80, '37.93.59.17'),
(20, '37.93.59.17'),
(27, '37.93.59.17'),
(7, '37.93.59.17'),
(24, '37.93.59.17'),
(12, '37.93.59.17'),
(9, '37.93.59.17'),
(70, '37.93.59.17'),
(72, '37.93.59.17'),
(44, '37.93.59.17'),
(76, '37.93.59.17'),
(16, '37.93.59.17'),
(64, '37.93.59.17'),
(73, '37.93.59.17'),
(59, '37.93.59.17'),
(55, '37.93.59.17'),
(42, '37.93.59.17'),
(53, '37.93.59.17'),
(5, '37.93.59.17'),
(57, '37.93.59.17'),
(28, '37.93.59.17'),
(75, '37.93.59.17'),
(3, '37.93.59.17'),
(21, '250.87.127.37'),
(44, '250.87.127.37'),
(41, '250.87.127.37'),
(1, '250.87.127.37'),
(55, '250.87.127.37'),
(67, '250.87.127.37'),
(77, '250.87.127.37'),
(49, '250.87.127.37'),
(75, '250.87.127.37'),
(43, '250.87.127.37'),
(78, '250.87.127.37'),
(8, '250.87.127.37'),
(46, '250.87.127.37'),
(71, '250.87.127.37'),
(2, '250.87.127.37'),
(74, '250.87.127.37'),
(62, '250.87.127.37'),
(16, '250.87.127.37'),
(15, '250.87.127.37'),
(54, '250.87.127.37'),
(66, '250.87.127.37'),
(18, '250.87.127.37'),
(47, '250.87.127.37'),
(80, '250.87.127.37'),
(33, '250.87.127.37'),
(45, '249.145.31.0'),
(71, '249.145.31.0'),
(20, '249.145.31.0'),
(43, '249.145.31.0'),
(57, '249.145.31.0'),
(77, '249.145.31.0'),
(78, '249.145.31.0'),
(37, '249.145.31.0'),
(48, '249.145.31.0'),
(15, '249.145.31.0'),
(66, '249.145.31.0'),
(64, '249.145.31.0'),
(27, '249.145.31.0'),
(69, '249.145.31.0'),
(74, '249.145.31.0'),
(76, '249.145.31.0'),
(51, '249.145.31.0'),
(56, '249.145.31.0'),
(30, '249.145.31.0'),
(61, '249.145.31.0'),
(58, '249.145.31.0'),
(1, '249.145.31.0'),
(59, '249.145.31.0'),
(70, '249.145.31.0'),
(38, '249.145.31.0'),
(77, '240.106.209.18'),
(16, '240.106.209.18'),
(38, '240.106.209.18'),
(26, '240.106.209.18'),
(13, '240.106.209.18'),
(3, '240.106.209.18'),
(5, '240.106.209.18'),
(63, '240.106.209.18'),
(37, '240.106.209.18'),
(76, '240.106.209.18'),
(2, '240.106.209.18'),
(64, '240.106.209.18'),
(43, '240.106.209.18'),
(22, '240.106.209.18'),
(4, '240.106.209.18'),
(79, '240.106.209.18'),
(33, '240.106.209.18'),
(25, '240.106.209.18'),
(11, '240.106.209.18'),
(70, '240.106.209.18'),
(27, '240.106.209.18'),
(52, '240.106.209.18'),
(78, '240.106.209.18'),
(66, '240.106.209.18'),
(8, '240.106.209.18'),
(78, '219.34.63.81'),
(31, '219.34.63.81'),
(52, '219.34.63.81'),
(2, '219.34.63.81'),
(62, '219.34.63.81'),
(17, '219.34.63.81'),
(7, '219.34.63.81'),
(33, '219.34.63.81'),
(76, '219.34.63.81'),
(38, '219.34.63.81'),
(47, '219.34.63.81'),
(34, '219.34.63.81'),
(23, '219.34.63.81'),
(6, '219.34.63.81'),
(79, '219.34.63.81'),
(12, '219.34.63.81'),
(49, '219.34.63.81'),
(30, '219.34.63.81'),
(39, '219.34.63.81'),
(16, '219.34.63.81'),
(9, '219.34.63.81'),
(43, '219.34.63.81'),
(61, '219.34.63.81'),
(42, '219.34.63.81'),
(15, '219.34.63.81'),
(76, '216.57.215.48'),
(22, '216.57.215.48'),
(43, '216.57.215.48'),
(54, '216.57.215.48'),
(27, '216.57.215.48'),
(39, '216.57.215.48'),
(1, '216.57.215.48'),
(78, '216.57.215.48'),
(46, '216.57.215.48'),
(73, '216.57.215.48'),
(55, '216.57.215.48'),
(48, '216.57.215.48'),
(6, '216.57.215.48'),
(47, '216.57.215.48'),
(3, '216.57.215.48'),
(45, '216.57.215.48'),
(53, '216.57.215.48'),
(56, '216.57.215.48'),
(35, '216.57.215.48'),
(75, '216.57.215.48'),
(41, '216.57.215.48'),
(13, '216.57.215.48'),
(38, '216.57.215.48'),
(40, '216.57.215.48'),
(70, '216.57.215.48'),
(31, '196.20.168.152'),
(21, '196.20.168.152'),
(55, '196.20.168.152'),
(16, '196.20.168.152'),
(11, '196.20.168.152'),
(26, '196.20.168.152'),
(14, '196.20.168.152'),
(58, '196.20.168.152'),
(62, '196.20.168.152'),
(42, '196.20.168.152'),
(72, '196.20.168.152'),
(48, '196.20.168.152'),
(73, '196.20.168.152'),
(5, '196.20.168.152'),
(76, '196.20.168.152'),
(43, '196.20.168.152'),
(22, '196.20.168.152'),
(49, '196.20.168.152'),
(35, '196.20.168.152'),
(61, '196.20.168.152'),
(23, '196.20.168.152'),
(36, '196.20.168.152'),
(17, '196.20.168.152'),
(77, '196.20.168.152'),
(10, '196.20.168.152'),
(14, '172.129.241.228'),
(47, '172.129.241.228'),
(32, '172.129.241.228'),
(21, '172.129.241.228'),
(6, '172.129.241.228'),
(38, '172.129.241.228'),
(34, '172.129.241.228'),
(31, '172.129.241.228'),
(55, '172.129.241.228'),
(27, '172.129.241.228'),
(43, '172.129.241.228'),
(51, '172.129.241.228'),
(35, '172.129.241.228'),
(71, '172.129.241.228'),
(68, '172.129.241.228'),
(50, '172.129.241.228'),
(80, '172.129.241.228'),
(62, '172.129.241.228'),
(54, '172.129.241.228'),
(52, '172.129.241.228'),
(49, '172.129.241.228'),
(16, '172.129.241.228'),
(7, '172.129.241.228'),
(41, '172.129.241.228'),
(22, '172.129.241.228'),
(80, '166.113.230.231'),
(9, '166.113.230.231'),
(52, '166.113.230.231'),
(12, '166.113.230.231'),
(59, '166.113.230.231'),
(26, '166.113.230.231'),
(47, '166.113.230.231'),
(18, '166.113.230.231'),
(21, '166.113.230.231'),
(27, '166.113.230.231'),
(5, '166.113.230.231'),
(75, '166.113.230.231'),
(53, '166.113.230.231'),
(54, '166.113.230.231'),
(72, '166.113.230.231'),
(30, '166.113.230.231'),
(64, '166.113.230.231'),
(50, '166.113.230.231'),
(68, '166.113.230.231'),
(28, '166.113.230.231'),
(2, '166.113.230.231'),
(16, '166.113.230.231'),
(29, '166.113.230.231'),
(58, '166.113.230.231'),
(65, '166.113.230.231'),
(26, '164.61.212.226'),
(79, '164.61.212.226'),
(32, '164.61.212.226'),
(31, '164.61.212.226'),
(65, '164.61.212.226'),
(49, '164.61.212.226'),
(10, '164.61.212.226'),
(30, '164.61.212.226'),
(16, '164.61.212.226'),
(39, '164.61.212.226'),
(70, '164.61.212.226'),
(37, '164.61.212.226'),
(22, '164.61.212.226'),
(53, '164.61.212.226'),
(19, '164.61.212.226'),
(40, '164.61.212.226'),
(14, '164.61.212.226'),
(48, '164.61.212.226'),
(36, '164.61.212.226'),
(78, '164.61.212.226'),
(3, '164.61.212.226'),
(69, '164.61.212.226'),
(23, '164.61.212.226'),
(47, '164.61.212.226'),
(68, '164.61.212.226'),
(25, '164.13.216.59'),
(70, '164.13.216.59'),
(37, '164.13.216.59'),
(28, '164.13.216.59'),
(21, '164.13.216.59'),
(38, '164.13.216.59'),
(5, '164.13.216.59'),
(66, '164.13.216.59'),
(11, '164.13.216.59'),
(39, '164.13.216.59'),
(44, '164.13.216.59'),
(4, '164.13.216.59'),
(59, '164.13.216.59'),
(42, '164.13.216.59'),
(41, '164.13.216.59'),
(31, '164.13.216.59'),
(12, '164.13.216.59'),
(23, '164.13.216.59'),
(29, '164.13.216.59'),
(60, '164.13.216.59'),
(80, '164.13.216.59'),
(78, '164.13.216.59'),
(22, '164.13.216.59'),
(73, '164.13.216.59'),
(61, '164.13.216.59'),
(18, '153.137.145.87'),
(19, '153.137.145.87'),
(26, '153.137.145.87'),
(61, '153.137.145.87'),
(47, '153.137.145.87'),
(43, '153.137.145.87'),
(3, '153.137.145.87'),
(76, '153.137.145.87'),
(64, '153.137.145.87'),
(75, '153.137.145.87'),
(69, '153.137.145.87'),
(79, '153.137.145.87'),
(78, '153.137.145.87'),
(39, '153.137.145.87'),
(67, '153.137.145.87'),
(40, '153.137.145.87'),
(21, '153.137.145.87'),
(36, '153.137.145.87'),
(1, '153.137.145.87'),
(74, '153.137.145.87'),
(62, '153.137.145.87'),
(65, '153.137.145.87'),
(45, '153.137.145.87'),
(27, '153.137.145.87'),
(16, '153.137.145.87'),
(59, '152.227.188.208'),
(51, '152.227.188.208'),
(50, '152.227.188.208'),
(3, '152.227.188.208'),
(28, '152.227.188.208'),
(5, '152.227.188.208'),
(53, '152.227.188.208'),
(1, '152.227.188.208'),
(60, '152.227.188.208'),
(19, '152.227.188.208'),
(45, '152.227.188.208'),
(34, '152.227.188.208'),
(72, '152.227.188.208'),
(48, '152.227.188.208'),
(13, '152.227.188.208'),
(64, '152.227.188.208'),
(66, '152.227.188.208'),
(30, '152.227.188.208'),
(80, '152.227.188.208'),
(67, '152.227.188.208'),
(70, '152.227.188.208'),
(38, '152.227.188.208'),
(78, '152.227.188.208'),
(58, '152.227.188.208'),
(15, '152.227.188.208'),
(10, '138.111.46.240'),
(71, '138.111.46.240'),
(76, '138.111.46.240'),
(80, '138.111.46.240'),
(70, '138.111.46.240'),
(56, '138.111.46.240'),
(39, '138.111.46.240'),
(3, '138.111.46.240'),
(43, '138.111.46.240'),
(14, '138.111.46.240'),
(61, '138.111.46.240'),
(47, '138.111.46.240'),
(9, '138.111.46.240'),
(55, '138.111.46.240'),
(48, '138.111.46.240'),
(8, '138.111.46.240'),
(24, '138.111.46.240'),
(7, '138.111.46.240'),
(23, '138.111.46.240'),
(42, '138.111.46.240'),
(28, '138.111.46.240'),
(31, '138.111.46.240'),
(35, '138.111.46.240'),
(58, '138.111.46.240'),
(63, '138.111.46.240'),
(77, '124.48.93.222'),
(19, '124.48.93.222'),
(73, '124.48.93.222'),
(37, '124.48.93.222'),
(11, '124.48.93.222'),
(75, '124.48.93.222'),
(61, '124.48.93.222'),
(60, '124.48.93.222'),
(62, '124.48.93.222'),
(3, '124.48.93.222'),
(65, '124.48.93.222'),
(14, '124.48.93.222'),
(33, '124.48.93.222'),
(34, '124.48.93.222'),
(51, '124.48.93.222'),
(7, '124.48.93.222'),
(39, '124.48.93.222'),
(1, '124.48.93.222'),
(38, '124.48.93.222'),
(70, '124.48.93.222'),
(49, '124.48.93.222'),
(5, '124.48.93.222'),
(69, '124.48.93.222'),
(17, '124.48.93.222'),
(10, '124.48.93.222'),
(71, '101.129.202.30'),
(53, '101.129.202.30'),
(31, '101.129.202.30'),
(67, '101.129.202.30'),
(44, '101.129.202.30'),
(69, '101.129.202.30'),
(65, '101.129.202.30'),
(51, '101.129.202.30'),
(19, '101.129.202.30'),
(76, '101.129.202.30'),
(77, '101.129.202.30'),
(29, '101.129.202.30'),
(12, '101.129.202.30'),
(64, '101.129.202.30'),
(7, '101.129.202.30'),
(68, '101.129.202.30'),
(61, '101.129.202.30'),
(34, '101.129.202.30'),
(46, '101.129.202.30'),
(59, '101.129.202.30'),
(79, '101.129.202.30'),
(20, '101.129.202.30'),
(10, '101.129.202.30'),
(60, '101.129.202.30'),
(21, '101.129.202.30');

INSERT INTO FilmSphere.Premiazione VALUES
(1, 13, '2019-3-24'),
(2, 1, '2019-7-21'),
(2, 8, '2019-10-22'),
(2, 2, '2023-1-22'),
(3, 8, '2022-7-1'),
(3, 7, '2020-7-1'),
(4, 11, '2020-2-28'),
(5, 10, '2019-3-21'),
(6, 1, '2019-3-4'),
(6, 7, '2019-4-20'),
(6, 2, '2022-3-20'),
(6, 11, '2023-8-22'),
(6, 3, '2023-7-24'),
(7, 3, '2019-5-1'),
(7, 11, '2022-2-20'),
(7, 2, '2022-12-8'),
(7, 5, '2020-1-1'),
(9, 2, '2019-5-5'),
(9, 5, '2022-2-13'),
(10, 8, '2022-7-6'),
(10, 10, '2019-8-26'),
(10, 14, '2022-8-1'),
(10, 2, '2022-1-21'),
(11, 15, '2023-12-1'),
(11, 5, '2023-12-11'),
(11, 12, '2020-4-19'),
(11, 6, '2023-9-6'),
(12, 15, '2020-2-24'),
(12, 14, '2022-10-21'),
(12, 12, '2020-2-20'),
(12, 5, '2019-10-22'),
(13, 1, '2020-10-21'),
(13, 15, '2023-5-4'),
(13, 11, '2022-4-11'),
(13, 4, '2020-3-18'),
(14, 2, '2023-9-11'),
(15, 5, '2020-4-18'),
(16, 4, '2020-11-8'),
(16, 2, '2020-9-22'),
(16, 13, '2022-2-17'),
(17, 10, '2020-4-17'),
(18, 8, '2022-7-24'),
(18, 13, '2019-2-25'),
(21, 14, '2020-11-19'),
(21, 13, '2022-4-16'),
(21, 7, '2019-1-15'),
(22, 10, '2020-4-9'),
(22, 6, '2019-7-11'),
(24, 9, '2020-9-23'),
(24, 12, '2020-1-27'),
(24, 1, '2019-1-24'),
(24, 11, '2023-2-9'),
(24, 6, '2020-9-1'),
(25, 5, '2023-1-28'),
(26, 9, '2022-4-6'),
(26, 1, '2022-12-12'),
(26, 7, '2020-9-9'),
(26, 10, '2019-5-23'),
(27, 2, '2019-12-22'),
(27, 13, '2022-9-2'),
(28, 4, '2022-12-27'),
(28, 3, '2023-8-14'),
(30, 2, '2019-4-1'),
(30, 5, '2022-5-8'),
(30, 14, '2023-4-3'),
(30, 6, '2019-10-8'),
(30, 1, '2023-11-28'),
(31, 8, '2019-3-13'),
(31, 4, '2022-4-28'),
(31, 1, '2023-12-12'),
(31, 3, '2020-12-1'),
(32, 2, '2023-12-14'),
(32, 8, '2019-7-25'),
(32, 14, '2023-8-15'),
(33, 2, '2022-2-13'),
(33, 9, '2020-3-10'),
(33, 12, '2023-1-18'),
(33, 5, '2022-6-28'),
(34, 8, '2019-9-11'),
(35, 13, '2019-10-20'),
(36, 5, '2019-3-8'),
(36, 2, '2022-7-3'),
(36, 10, '2022-7-7'),
(36, 7, '2020-8-15'),
(37, 5, '2020-4-6'),
(37, 1, '2023-2-10'),
(37, 10, '2019-3-15'),
(37, 15, '2019-11-14'),
(38, 13, '2023-3-12'),
(38, 12, '2023-12-13'),
(38, 11, '2022-5-4');

INSERT INTO FilmSphere.Restrizione (FormatoVideo, FormatoAudio) VALUES
(2, NULL),
(5, NULL),
(8, NULL),
(9, 2),
(8, 3),
(10, 6),
(9, 8),
(NULL, 9),
(1, 3),
(1, 9),
(2, 8),
(NULL, 4),
(6, 2),
(4, NULL),
(1, NULL),
(7, NULL),
(4, 5),
(10, NULL),
(4, 8),
(8, 2),
(NULL, 7),
(8, 5),
(10, 2),
(9, 4),
(8, 8),
(10, 5),
(2, 1),
(10, 8),
(1, 5),
(2, 7),
(2, 10),
(1, 8),
(7, 3),
(6, 10),
(4, 7),
(9, NULL),
(5, 2),
(NULL, 8),
(5, 5),
(9, 3),
(8, 1),
(9, 9),
(NULL, 7),
(10, 1),
(2, 3),
(10, 10),
(6, 6),
(7, 5),
(6, 3),
(6, 9);


INSERT INTO FilmSphere.PaeseRestrizione (IDRestrizione, Paese) VALUES 
(14, 'Afghanistan'),
(34, 'Afghanistan'),
(19, 'Albania'),
(25, 'Albania'),
(43, 'Algeria'),
(15, 'Algeria'),
(13, 'Andorra'),
(7, 'Andorra'),
(29, 'Angola'),
(10, 'Angola'),
(46, 'Argentina'),
(43, 'Argentina'),
(30, 'Armenia'),
(24, 'Armenia'),
(34, 'Australia'),
(32, 'Australia'),
(2, 'Austria'),
(15, 'Austria'),
(40, 'Azerbaijan'),
(39, 'Azerbaijan'),
(41, 'Bahamas'),
(7, 'Bahamas'),
(38, 'Bahrain'),
(5, 'Bahrain'),
(39, 'Bangladesh'),
(46, 'Bangladesh'),
(8, 'Barbados'),
(46, 'Barbados'),
(31, 'Belarus'),
(29, 'Belarus'),
(24, 'Belgium'),
(16, 'Belgium'),
(12, 'Belize'),
(35, 'Belize'),
(35, 'Benin'),
(21, 'Benin'),
(4, 'Bhutan'),
(10, 'Bhutan'),
(29, 'Bolivia'),
(37, 'Bolivia'),
(3, 'Bosnia and Herzegovina'),
(48, 'Bosnia and Herzegovina'),
(46, 'Botswana'),
(18, 'Botswana'),
(44, 'Brazil'),
(16, 'Brazil'),
(7, 'Brunei'),
(9, 'Brunei'),
(31, 'Bulgaria'),
(19, 'Bulgaria'),
(9, 'Burkina Faso'),
(31, 'Burkina Faso'),
(50, 'Burundi'),
(24, 'Burundi'),
(17, 'Cabo Verde'),
(47, 'Cabo Verde'),
(3, 'Cambodia'),
(45, 'Cambodia'),
(34, 'Cameroon'),
(20, 'Cameroon'),
(7, 'Canada'),
(27, 'Canada'),
(4, 'Central African Republic'),
(43, 'Central African Republic'),
(47, 'Chad'),
(2, 'Chad'),
(49, 'Chile'),
(3, 'Chile'),
(19, 'China'),
(27, 'China'),
(16, 'Colombia'),
(28, 'Colombia'),
(10, 'Comoros'),
(39, 'Comoros'),
(17, 'Congo'),
(38, 'Congo'),
(32, 'Costa Rica'),
(8, 'Costa Rica'),
(39, 'Croatia'),
(42, 'Croatia'),
(27, 'Cuba'),
(49, 'Cuba'),
(31, 'Cyprus'),
(23, 'Cyprus'),
(43, 'Czech Republic'),
(46, 'Czech Republic'),
(44, 'Denmark'),
(16, 'Denmark'),
(33, 'Djibouti'),
(41, 'Djibouti'),
(32, 'Dominica'),
(36, 'Dominica'),
(10, 'Dominican Republic'),
(3, 'Dominican Republic'),
(38, 'East Timor'),
(14, 'East Timor'),
(11, 'Ecuador'),
(26, 'Ecuador'),
(35, 'Egypt'),
(8, 'Egypt'),
(23, 'El Salvador'),
(46, 'El Salvador'),
(33, 'Eritrea'),
(1, 'Eritrea'),
(33, 'Estonia'),
(36, 'Estonia'),
(5, 'Eswatini'),
(31, 'Eswatini'),
(41, 'Ethiopia'),
(47, 'Ethiopia'),
(8, 'Fiji'),
(41, 'Fiji'),
(15, 'Finland'),
(11, 'Finland'),
(26, 'France'),
(17, 'France'),
(9, 'Gabon'),
(7, 'Gabon'),
(8, 'Gambia'),
(24, 'Gambia'),
(36, 'Georgia'),
(33, 'Georgia'),
(34, 'Germany'),
(44, 'Germany'),
(44, 'Ghana'),
(23, 'Ghana'),
(32, 'Greece'),
(29, 'Greece'),
(42, 'Grenada'),
(10, 'Grenada'),
(16, 'Guatemala'),
(49, 'Guatemala'),
(5, 'Guinea'),
(1, 'Guinea'),
(31, 'Guyana'),
(7, 'Guyana'),
(7, 'Haiti'),
(41, 'Haiti'),
(6, 'Honduras'),
(43, 'Honduras'),
(8, 'Hungary'),
(23, 'Hungary'),
(42, 'Iceland'),
(1, 'Iceland'),
(45, 'India'),
(3, 'India'),
(1, 'Indonesia'),
(38, 'Indonesia'),
(25, 'Iran'),
(31, 'Iran'),
(43, 'Iraq'),
(12, 'Iraq'),
(50, 'Ireland'),
(30, 'Ireland'),
(12, 'Israel'),
(3, 'Israel'),
(35, 'Italy'),
(34, 'Italy'),
(50, 'Ivory Coast'),
(11, 'Ivory Coast'),
(5, 'Jamaica'),
(35, 'Jamaica'),
(38, 'Japan'),
(11, 'Japan'),
(12, 'Jordan'),
(32, 'Jordan'),
(29, 'Kazakhstan'),
(14, 'Kazakhstan'),
(17, 'Kenya'),
(5, 'Kenya'),
(39, 'Kiribati'),
(32, 'Kiribati'),
(35, 'Kosovo'),
(33, 'Kosovo'),
(19, 'Kuwait'),
(49, 'Kuwait'),
(24, 'Kyrgyzstan'),
(32, 'Kyrgyzstan'),
(44, 'Laos'),
(4, 'Laos'),
(32, 'Latvia'),
(33, 'Latvia'),
(33, 'Lebanon'),
(16, 'Lebanon'),
(32, 'Lesotho'),
(43, 'Lesotho'),
(50, 'Liberia'),
(12, 'Liberia'),
(9, 'Libya'),
(42, 'Libya'),
(14, 'Liechtenstein'),
(4, 'Liechtenstein'),
(13, 'Lithuania'),
(17, 'Lithuania'),
(26, 'Luxembourg'),
(24, 'Luxembourg'),
(39, 'Madagascar'),
(46, 'Madagascar'),
(20, 'Malawi'),
(37, 'Malawi'),
(16, 'Malaysia'),
(17, 'Malaysia'),
(3, 'Maldives'),
(48, 'Maldives'),
(28, 'Mali'),
(11, 'Mali'),
(43, 'Malta'),
(47, 'Malta'),
(46, 'Marshall Islands'),
(47, 'Marshall Islands'),
(43, 'Mauritania'),
(19, 'Mauritania'),
(46, 'Mauritius'),
(29, 'Mauritius'),
(19, 'Mexico'),
(7, 'Mexico'),
(36, 'Micronesia'),
(20, 'Micronesia'),
(19, 'Moldova'),
(39, 'Moldova'),
(37, 'Monaco'),
(2, 'Monaco'),
(45, 'Mongolia'),
(17, 'Mongolia'),
(14, 'Montenegro'),
(4, 'Montenegro'),
(49, 'Morocco'),
(44, 'Morocco'),
(2, 'Mozambique'),
(23, 'Mozambique'),
(41, 'Myanmar'),
(6, 'Myanmar'),
(31, 'Namibia'),
(32, 'Namibia'),
(32, 'Nauru'),
(35, 'Nauru'),
(18, 'Nepal'),
(41, 'Nepal'),
(1, 'Netherlands'),
(40, 'Netherlands'),
(4, 'New Zealand'),
(20, 'New Zealand'),
(21, 'Nicaragua'),
(45, 'Nicaragua'),
(23, 'Niger'),
(32, 'Niger'),
(14, 'Nigeria'),
(35, 'Nigeria'),
(43, 'North Korea'),
(20, 'North Korea'),
(15, 'North Macedonia'),
(5, 'North Macedonia'),
(7, 'Norway'),
(26, 'Norway'),
(19, 'Oman'),
(36, 'Oman'),
(41, 'Pakistan'),
(45, 'Pakistan'),
(33, 'Palau'),
(26, 'Palau'),
(10, 'Palestine State'),
(29, 'Palestine State'),
(4, 'Panama'),
(33, 'Panama'),
(29, 'Papua New Guinea'),
(35, 'Papua New Guinea'),
(29, 'Paraguay'),
(5, 'Paraguay'),
(3, 'Peru'),
(22, 'Peru'),
(40, 'Philippines'),
(45, 'Philippines'),
(27, 'Poland'),
(43, 'Poland'),
(29, 'Portugal'),
(2, 'Portugal'),
(22, 'Qatar'),
(26, 'Qatar'),
(45, 'Romania'),
(1, 'Romania'),
(12, 'Russia'),
(37, 'Russia'),
(9, 'Rwanda'),
(45, 'Rwanda'),
(50, 'Saint Lucia'),
(19, 'Saint Lucia'),
(16, 'Samoa'),
(20, 'Samoa'),
(46, 'San Marino'),
(41, 'San Marino'),
(7, 'Saudi Arabia'),
(4, 'Saudi Arabia'),
(42, 'Senegal'),
(19, 'Senegal'),
(22, 'Serbia'),
(41, 'Serbia'),
(44, 'Seychelles'),
(15, 'Seychelles'),
(48, 'Sierra Leone'),
(13, 'Sierra Leone'),
(36, 'Singapore'),
(7, 'Singapore'),
(45, 'Slovakia'),
(42, 'Slovakia'),
(31, 'Slovenia'),
(1, 'Slovenia'),
(1, 'Solomon Islands'),
(18, 'Solomon Islands'),
(27, 'Somalia'),
(6, 'Somalia'),
(48, 'South Africa'),
(14, 'South Africa'),
(42, 'South Korea'),
(13, 'South Korea'),
(12, 'South Sudan'),
(28, 'South Sudan'),
(48, 'Spain'),
(13, 'Spain'),
(37, 'Sri Lanka'),
(49, 'Sri Lanka'),
(34, 'Sudan'),
(26, 'Sudan'),
(50, 'Suriname'),
(3, 'Suriname'),
(18, 'Sweden'),
(44, 'Sweden'),
(13, 'Switzerland'),
(2, 'Switzerland'),
(18, 'Syria'),
(7, 'Syria'),
(22, 'Tajikistan'),
(3, 'Tajikistan'),
(6, 'Tanzania'),
(22, 'Tanzania'),
(1, 'Thailand'),
(37, 'Thailand'),
(34, 'Togo'),
(35, 'Togo'),
(23, 'Tonga'),
(20, 'Tonga'),
(44, 'Tunisia'),
(6, 'Tunisia'),
(5, 'Turkey'),
(11, 'Turkey'),
(39, 'Turkmenistan'),
(40, 'Turkmenistan'),
(3, 'Tuvalu'),
(13, 'Tuvalu'),
(46, 'Uganda'),
(50, 'Uganda'),
(10, 'Ukraine'),
(46, 'Ukraine'),
(7, 'United Arab Emirates'),
(37, 'United Arab Emirates'),
(23, 'United Kingdom'),
(50, 'United Kingdom'),
(3, 'United States of America'),
(31, 'United States of America'),
(28, 'Uruguay'),
(42, 'Uruguay'),
(38, 'Uzbekistan'),
(3, 'Uzbekistan'),
(20, 'Vanuatu'),
(34, 'Vanuatu'),
(31, 'Venezuela'),
(27, 'Venezuela'),
(24, 'Vietnam'),
(47, 'Vietnam'),
(7, 'Yemen'),
(5, 'Yemen'),
(1, 'Zambia'),
(6, 'Zambia'),
(6, 'Zimbabwe'),
(49, 'Zimbabwe');


INSERT INTO FilmSphere.Dispositivo (IndirizzoMac, Hardware, Risoluzione, IndirizzoIP, Utente, Paese, Latitudine, Longitudine) VALUES
('ED:7E:78:2A:93:73', 'tablet', '1080', '84.76.5.69', 'ABC12345A123456A', 'Libya', -0.275765, 0.980127),
('09:EA:A5:49:AB:C7', 'smartphone', '1080', '126.179.87.158', 'ABC12345K112356K', 'Rwanda', 0.010688, -0.796023),
('0C:79:58:97:93:BC', 'television', '2160', '158.97.127.31', 'ABC12345S123456S', 'Greece', 0.252461, -3.05789),
('E1:AF:A5:C7:BE:2A', 'smartphone', '720', '6.50.188.212', 'BCD67890B1123456', 'Qatar', 1.031815, 1.460378),
('51:A6:45:75:A6:18', 'tablet', '720', '50.98.197.193', 'BCD67890J123456J', 'Serbia', 1.038968, -2.890082),
('1B:73:1F:88:C0:77', 'smartphone', '1080', '125.246.147.129', 'DEF67890B123456B', 'Laos', 1.287547, -2.277436),
('00:92:9A:3C:7A:F5', 'PC', '1080', '133.188.199.211', 'DEF67890L112356L', 'Norway', -0.754652, 0.603465),
('7D:40:FB:20:CC:78', 'PC', '720', '3.188.164.154', 'DEF67890T123456T', 'Monaco', -0.665043, 0.603579),
('3F:86:1C:8A:07:CD', 'tablet', '1080', '168.156.183.3', 'EFG12345C1123456', 'Somalia', -0.578496, -0.45705),
('E8:F6:8D:CF:4A:13', 'tablet', '1440', '44.215.71.76', 'EFG12345K123456K', 'Japan', -0.514211, 2.325025),
('E4:17:3F:F1:80:F8', 'PC', '2160', '97.253.194.32', 'GHI12345C123456C', 'Brunei', -0.219923, 2.969601),
('74:87:3F:F1:89:F8', 'PC', '2160', '97.253.194.32', 'GHI12345C123456C', 'Samoa', -0.219723, 2.949601),
('F5:7A:71:17:36:1B', 'tablet', '2160', '199.94.227.189', 'GHI12345M112356M', 'Comoros', -0.455074, 1.843862),
('25:2D:A1:C4:EA:7F', 'smartphone', '1440', '253.57.23.183', 'GHI12345U123456U', 'Iraq', 1.357542, 1.988619),
('9B:4E:17:F1:AA:9B', 'PC', '720', '38.175.116.153', 'HIJ67890D1123456', 'Malaysia', 1.068739, -2.000237),
('A7:C2:26:8C:4A:63', 'tablet', '1080', '91.211.186.84', 'HIJ67890L123456L', 'Slovenia', -0.68974, -3.028203),
('BA:5D:CD:07:A1:1B', 'television', '720', '249.103.17.231', 'JKL67890D123456D', 'Belarus', 0.521358, -2.047029),
('6A:57:5D:79:FE:A1', 'television', '1440', '117.105.217.189', 'JKL67890N112356N', 'China', -0.937184, -2.074629),
('E4:4B:9E:33:7C:C7', 'tablet', '1080', '152.167.20.213', 'JKL67890V123456V', 'Brunei', -0.292304, -1.231487),
('19:EF:8D:72:22:A2', 'smartphone', '720', '13.20.254.224', 'KLM12345E1123456', 'Bhutan', -0.102655, -2.120308),
('93:C1:E4:D2:07:85', 'tablet', '2160', '198.87.142.3', 'KLM12345M123456M', 'Samoa', 1.485527, -0.378395),
('E3:9F:66:AB:DA:54', 'television', '1440', '178.132.17.178', 'MNO12345E123456E', 'Kosovo', -0.812253, 1.12823),
('68:60:9C:C0:BB:4D', 'smartphone', '2160', '247.167.92.103', 'MNO12345O112356O', 'South Africa', -0.215248, -0.698851),
('5D:59:D3:96:40:1A', 'tablet', '1440', '20.161.15.124', 'MNO12345W123456W', 'El Salvador', -0.520113, -0.764322),
('B0:FC:27:C7:FB:E4', 'PC', '720', '226.175.100.187', 'NOP67890F1123456', 'Saint Lucia', 1.086699, -1.551386),
('CD:88:D1:A8:4C:3F', 'television', '1440', '8.39.89.21', 'NOP67890N123456N', 'Hungary', 0.079169, 2.800453),
('58:9B:84:CE:54:9B', 'tablet', '720', '93.16.98.116', 'PQR67890F123456F', 'Georgia', 0.6418, -0.516523),
('4D:A2:6D:7D:BE:7D', 'PC', '1080', '65.12.23.144', 'PQR67890P112356P', 'Comoros', 0.50538, 0.703867),
('54:E2:21:63:DD:56', 'tablet', '1440', '34.163.144.186', 'PQR67890X123456X', 'Philippines', 0.513371, -0.639917),
('FE:FF:B3:1E:80:44', 'television', '2160', '22.43.191.24', 'QRS12345G1123456', 'Solomon Islands', -0.227717, 2.989766),
('00:B3:10:26:3A:FD', 'smartphone', '2160', '205.54.194.189', 'QRS12345O123456O', 'Zambia', 0.727999, 1.494679),
('4A:26:EE:BD:22:23', 'smartphone', '2160', '35.57.65.182', 'STU12345G123456G', 'Bhutan', 0.748136, -2.261933),
('E0:ED:BC:86:A2:7A', 'smartphone', '720', '8.96.212.138', 'STU12345Y123456Y', 'Greece', -0.78484, 0.849694),
('69:61:F1:11:61:BF', 'television', '1080', '232.146.84.78', 'STU67890H112345H', 'Cabo Verde', 0.621086, 2.909607),
('FD:4E:9C:FC:FA:A2', 'PC', '720', '163.106.14.238', 'STU67890P123456P', 'Grenada', -0.622731, -2.503448),
('D5:9E:A9:6F:0A:E1', 'PC', '2160', '75.168.209.66', 'UVW12345I112346I', 'Cuba', -1.264285, 2.935069),
('5B:D9:B2:C4:65:62', 'smartphone', '1080', '138.148.128.28', 'UVW12345Q123456Q', 'Chad', 0.906163, 0.144799),
('5A:60:FB:91:F8:56', 'PC', '1080', '223.205.115.181', 'VWX67890H123456H', 'Kazakhstan', 1.252939, 2.887832),
('09:EE:6F:5E:A9:76', 'tablet', '1440', '88.155.102.192', 'VWX67890Z123456Z', 'Namibia', -0.804522, -2.35686),
('C0:4A:50:E7:8A:C4', 'smartphone', '1080', '119.244.177.3', 'XYZ67890J112356J', 'Zambia', 0.358884, 2.084629),
('6E:18:6A:57:90:6C', 'PC', '1080', '179.220.151.25', 'XYZ67890R123456R', 'Belize', 0.216837, 1.572822),
('38:3F:F1:91:C5:F4', 'PC', '1440', '101.3.131.213', 'YZA12345A1123456', 'Brazil', 1.080484, -2.527725),
('2D:05:55:8D:42:64', 'smartphone', '1080', '226.143.152.115', 'YZA12345I123456I', 'Congo', 1.166019, 0.054987),
-- Inserisco un altro dispositivo per utenti con abbonamento di tipo Premium (max numero di dispositivi connessi contemporaneamente = 2)
('2F:40:8F:11:9E:44', 'tablet', '720', '235.165.199.97', 'ABC12345K112356K', 'Guatemala', 1.11037, -0.200916),
('6F:2B:3B:02:B2:29', 'smartphone', '1440', '93.4.6.94', 'DEF67890B123456B', 'Jamaica', -0.294874, -0.475122),
('CE:C6:F8:03:52:8A', 'smartphone', '1080', '233.126.24.78', 'HIJ67890L123456L', 'Benin', 0.947684, -2.015859),
('C1:FD:03:00:C6:84', 'PC', '1080', '144.69.240.215', 'JKL67890V123456V', 'Tuvalu', -0.534046, 0.761931),
('87:FA:49:10:2A:0C', 'television', '2160', '19.192.85.89', 'NOP67890F1123456', 'Gambia', -1.087969, -2.419457),
('F5:F2:D1:B5:80:3E', 'PC', '1080', '231.95.191.83', 'PQR67890P112356P', 'Samoa', -1.329114, 1.713762),
('72:5B:E9:BB:FC:0E', 'smartphone', '720', '241.232.204.159', 'STU12345G123456G', 'Albania', 1.387557, 2.578723),
('69:AD:58:38:05:74', 'smartphone', '2160', '37.224.168.56', 'UVW12345Q123456Q', 'Ethiopia', 0.175427, -0.422545),
('EB:B5:C1:7D:A5:76', 'tablet', '720', '176.111.130.208', 'YZA12345A1123456', 'United Arab Emirates', 0.343558, 3.105664),
('FF:B5:FF:7D:A5:76', 'tablet', '720', '176.111.130.208', 'VWX67890Z123456Z', 'South Africa', 0.343558, 3.105664);

-- Inserimento di dispositivi attualmente connessi
INSERT INTO FilmSphere.Dispositivo (IndirizzoMac, Hardware, Risoluzione, IndirizzoIP, Utente, Paese, Latitudine, Longitudine, InizioConnessione, ServerConnesso) VALUES
('52:2D:90:9D:DE:F0', 'tablet', '2160', '183.98.223.130', 'ABC12345S123456S', 'Cuba', -0.031665, -0.01122, '2024-04-13 08:00:00', '138.111.46.240'),
('D7:9E:AB:DC:3E:C9', 'smartphone', '1080', '232.251.103.201', 'EFG12345C1123456', 'Seychelles', -0.915128, 2.499742, '2024-04-13 08:00:00', '37.93.59.17'),
('86:72:EA:C9:67:95', 'smartphone', '2160', '171.24.224.140', 'GHI12345M112356M', 'Morocco', -0.17883, -0.665783, '2024-04-13 08:00:00', '250.87.127.37'),
('7B:E6:F2:34:D7:C3', 'smartphone', '1440', '154.229.86.127', 'JKL67890D123456D', 'East Timor', -0.358644, -1.126999, '2024-04-13 08:00:00', '164.61.212.226'),
('F0:56:5E:93:04:14', 'tablet', '2160', '137.53.228.44', 'NOP67890N123456N', 'Nicaragua', -0.841479, 0.575603, '2024-04-13 08:00:00', '164.13.216.59'),
('19:23:58:62:93:7F', 'tablet', '1440', '177.164.30.65', 'PQR67890X123456X', 'Cameroon', -0.537671, -0.999245, '2024-04-13 08:00:00', '172.129.241.228'),
('02:54:14:7B:9C:DA', 'tablet', '720', '52.70.84.58', 'STU67890H112345H', 'Czech Republic', -1.276666, -0.744878, '2024-04-13 08:00:00', '219.34.63.81'),
('9E:4B:22:7A:E5:7D', 'tablet', '1440', '73.70.248.6', 'YZA12345I123456I', 'Australia', 1.14214, 1.939554, '2024-04-13 08:00:00', '249.145.31.0');

INSERT INTO FilmSphere.Visualizzazione (IDFile, Dispositivo, MinutoCorrente, InizioVisualizzazione) VALUES
(13, '74:87:3F:F1:89:F8', '01:25:30', '2024-04-03 11:47:00'),
(37, 'FF:B5:FF:7D:A5:76', '00:32:58', '2024-04-06 12:25:58'),
(21, '4D:A2:6D:7D:BE:7D', '01:45:00', '2024-04-06 06:28:59'),
(30, '6E:18:6A:57:90:6C', '01:30:24', '2024-04-03 16:32:51'),
(17, 'FE:FF:B3:1E:80:44', '00:41:29', '2024-04-04 22:43:26'),
(29, '4D:A2:6D:7D:BE:7D', '01:34:31', '2024-04-09 09:50:46'),
(59, '6A:57:5D:79:FE:A1', '01:55:21', '2024-04-05 23:03:30'),
(53, '68:60:9C:C0:BB:4D', '00:38:42', '2024-04-05 19:44:59'),
(61, '6A:57:5D:79:FE:A1', '01:30:56', '2024-04-04 14:50:13'),
(61, '87:FA:49:10:2A:0C', '01:03:20', '2024-04-08 10:47:15'),
(37, '72:5B:E9:BB:FC:0E', '02:43:38', '2024-04-07 21:18:24'),
(77, 'E8:F6:8D:CF:4A:13', '01:21:57', '2024-04-01 13:21:34'),
(25, '6E:18:6A:57:90:6C', '00:56:31', '2024-04-04 17:25:40'),
(9, 'FD:4E:9C:FC:FA:A2', '00:26:56', '2024-04-04 06:53:31'),
(18, 'FE:FF:B3:1E:80:44', '01:04:37', '2024-04-02 06:38:48'),
(21, '68:60:9C:C0:BB:4D', '02:10:12', '2024-04-08 06:06:06'),
(1, 'FD:4E:9C:FC:FA:A2', '01:21:04', '2024-04-03 06:36:45'),
(61, '5B:D9:B2:C4:65:62', '01:59:06', '2024-04-04 06:05:43'),
(29, '5A:60:FB:91:F8:56', '00:21:01', '2024-04-05 21:11:21'),
(36, 'E0:ED:BC:86:A2:7A', '01:17:23', '2024-04-07 03:40:06'),
(45, '68:60:9C:C0:BB:4D', '00:37:58', '2024-04-03 05:11:51'),
(78, 'E3:9F:66:AB:DA:54', '03:02:54', '2024-04-01 01:48:22'),
(37, 'A7:C2:26:8C:4A:63', '02:28:10', '2024-04-09 01:17:46'),
(9, 'EB:B5:C1:7D:A5:76', '02:16:24', '2024-04-05 23:06:37'),
(17, '09:EE:6F:5E:A9:76', '02:08:13', '2024-04-07 04:15:35'),
(54, '00:92:9A:3C:7A:F5', '02:09:07', '2024-04-02 05:51:20'),
(38, '5A:60:FB:91:F8:56', '00:31:56', '2024-04-03 13:07:12'),
(13, '87:FA:49:10:2A:0C', '01:51:58', '2024-04-03 15:30:24'),
(13, '93:C1:E4:D2:07:85', '02:30:28', '2024-04-04 14:46:55'),
(48, '6A:57:5D:79:FE:A1', '00:04:18', '2024-04-03 03:37:33'),
(21, '58:9B:84:CE:54:9B', '00:11:13', '2024-04-09 16:16:33'),
(53, '1B:73:1F:88:C0:77', '01:04:57', '2024-04-02 06:30:58'),
(69, '2F:40:8F:11:9E:44', '02:07:30', '2024-04-03 23:24:49'),
(51, '0C:79:58:97:93:BC', '00:14:46', '2024-04-08 08:34:00'),
(42, 'CD:88:D1:A8:4C:3F', '02:41:38', '2024-04-02 13:23:23'),
(54, 'E4:17:3F:F1:80:F8', '02:02:30', '2024-04-08 14:52:49'),
(41, '1B:73:1F:88:C0:77', '00:29:39', '2024-04-08 23:09:49'),
(21, '19:EF:8D:72:22:A2', '00:36:55', '2024-04-05 20:23:02'),
(29, '72:5B:E9:BB:FC:0E', '00:48:24', '2024-04-09 17:23:22'),
(49, 'EB:B5:C1:7D:A5:76', '00:34:04', '2024-04-04 09:26:19'),
(69, '58:9B:84:CE:54:9B', '00:48:55', '2024-04-04 08:56:25'),
(42, '5D:59:D3:96:40:1A', '01:29:10', '2024-04-06 12:04:34'),
(29, '6A:57:5D:79:FE:A1', '01:00:05', '2024-04-08 20:52:08'),
(65, '25:2D:A1:C4:EA:7F', '00:17:19', '2024-04-02 08:50:23'),
(25, '68:60:9C:C0:BB:4D', '00:47:08', '2024-04-04 14:15:42'),
(73, '69:AD:58:38:05:74', '03:08:53', '2024-04-08 17:43:14'),
(53, '93:C1:E4:D2:07:85', '01:07:13', '2024-04-02 23:15:56'),
(41, '58:9B:84:CE:54:9B', '01:00:19', '2024-04-06 17:09:00'),
(45, '25:2D:A1:C4:EA:7F', '02:18:23', '2024-04-09 13:09:53'),
(1, '4A:26:EE:BD:22:23', '02:14:34', '2024-04-02 03:46:00'),
(22, 'FE:FF:B3:1E:80:44', '01:17:50', '2024-04-09 01:01:15'),
(49, 'CE:C6:F8:03:52:8A', '00:03:18', '2024-04-06 05:39:12'),
(33, 'CD:88:D1:A8:4C:3F', '00:03:58', '2024-04-06 16:36:06'),
(44, 'D5:9E:A9:6F:0A:E1', '02:13:41', '2024-04-08 20:49:56'),
(77, '68:60:9C:C0:BB:4D', '00:32:24', '2024-04-03 06:19:56'),
(19, '3F:86:1C:8A:07:CD', '01:26:18', '2024-04-07 00:07:37'),
(29, '0C:79:58:97:93:BC', '00:37:36', '2024-04-09 15:44:29'),
(77, '2F:40:8F:11:9E:44', '02:11:05', '2024-04-04 13:15:27'),
(13, '1B:73:1F:88:C0:77', '02:26:49', '2024-04-02 09:40:51'),
(26, '6E:18:6A:57:90:6C', '00:38:18', '2024-04-09 05:00:58'),
(9, 'F5:7A:71:17:36:1B', '00:15:29', '2024-04-05 16:44:22'),
(37, 'EB:B5:C1:7D:A5:76', '00:39:58', '2024-04-01 11:40:20'),
(25, '9B:4E:17:F1:AA:9B', '01:45:20', '2024-04-04 00:36:47'),
(10, 'FE:FF:B3:1E:80:44', '00:24:49', '2024-04-08 21:04:03'),
(77, '72:5B:E9:BB:FC:0E', '00:40:15', '2024-04-04 02:15:47'),
(73, '4A:26:EE:BD:22:23', '02:23:04', '2024-04-09 11:56:59'),
(17, 'A7:C2:26:8C:4A:63', '01:34:35', '2024-04-07 13:12:02'),
(51, 'CD:88:D1:A8:4C:3F', '02:07:00', '2024-04-06 11:21:47'),
(21, 'CD:88:D1:A8:4C:3F', '00:30:33', '2024-04-01 23:28:10'),
(61, 'FD:4E:9C:FC:FA:A2', '01:27:26', '2024-04-02 12:41:39'),
(45, '09:EA:A5:49:AB:C7', '00:42:05', '2024-04-01 04:18:32'),
(9, '68:60:9C:C0:BB:4D', '02:16:30', '2024-04-05 12:43:50'),
(61, 'B0:FC:27:C7:FB:E4', '00:09:59', '2024-04-01 17:39:19'),
(53, '69:AD:58:38:05:74', '01:41:19', '2024-04-01 23:54:55'),
(78, '3F:86:1C:8A:07:CD', '02:05:08', '2024-04-07 02:26:45'),
(41, '09:EA:A5:49:AB:C7', '02:30:49', '2024-04-05 14:39:07'),
(58, 'E1:AF:A5:C7:BE:2A', '02:04:30', '2024-04-06 18:32:26'),
(26, 'E4:17:3F:F1:80:F8', '02:09:42', '2024-04-01 15:37:45'),
(80, 'E3:9F:66:AB:DA:54', '00:49:50', '2024-04-02 21:35:09'),
(58, '51:A6:45:75:A6:18', '02:25:30', '2024-04-03 02:55:51'),
(77, 'A7:C2:26:8C:4A:63', '00:30:00', '2024-04-06 14:05:43'),
(13, 'A7:C2:26:8C:4A:63', '01:07:12', '2024-04-08 19:45:50'),
(29, '4A:26:EE:BD:22:23', '01:07:17', '2024-04-08 19:16:54'),
(41, '6F:2B:3B:02:B2:29', '02:19:13', '2024-04-07 22:20:18'),
(1, '19:EF:8D:72:22:A2', '02:30:12', '2024-04-08 20:58:48'),
(60, '9B:4E:17:F1:AA:9B', '00:03:14', '2024-04-04 00:44:43'),
(45, '69:AD:58:38:05:74', '01:27:40', '2024-04-08 05:18:23'),
(34, '0C:79:58:97:93:BC', '01:11:03', '2024-04-02 08:51:14'),
(53, '09:EA:A5:49:AB:C7', '02:43:24', '2024-04-01 23:07:05'),
(41, '93:C1:E4:D2:07:85', '01:17:06', '2024-04-04 11:02:35'),
(73, '5D:59:D3:96:40:1A', '02:46:04', '2024-04-02 17:41:41'),
(53, 'B0:FC:27:C7:FB:E4', '01:44:52', '2024-04-04 04:31:55'),
(5, 'E4:4B:9E:33:7C:C7', '01:26:52', '2024-04-06 04:26:38'),
(66, '0C:79:58:97:93:BC', '01:25:54', '2024-04-01 00:01:36'),
(69, '1B:73:1F:88:C0:77', '00:09:10', '2024-04-07 09:33:37'),
(25, 'FD:4E:9C:FC:FA:A2', '02:08:25', '2024-04-01 21:52:16'),
(25, '4D:A2:6D:7D:BE:7D', '01:19:06', '2024-04-01 21:40:27'),
(53, '19:EF:8D:72:22:A2', '00:17:31', '2024-04-06 04:38:52'),
(21, 'C1:FD:03:00:C6:84', '00:39:08', '2024-04-02 12:15:53'),
(50, '69:61:F1:11:61:BF', '01:43:00', '2024-04-03 23:23:13'),
(9, '4A:26:EE:BD:22:23', '00:01:21', '2024-04-05 20:44:10'),
(19, 'F5:7A:71:17:36:1B', '00:05:30', '2024-04-09 20:37:25'),
(1, '51:A6:45:75:A6:18', '01:35:21', '2024-04-05 01:17:36'),
(17, '93:C1:E4:D2:07:85', '00:40:50', '2024-04-01 08:18:09'),
(49, '54:E2:21:63:DD:56', '00:46:07', '2024-04-03 04:56:50'),
(1, '68:60:9C:C0:BB:4D', '01:28:09', '2024-04-06 05:20:44'),
(77, '38:3F:F1:91:C5:F4', '02:03:09', '2024-04-06 03:45:59'),
(13, '38:3F:F1:91:C5:F4', '02:15:01', '2024-04-08 01:56:27'),
(59, 'E3:9F:66:AB:DA:54', '00:34:59', '2024-04-09 00:57:51'),
(2, '3F:86:1C:8A:07:CD', '01:50:08', '2024-04-03 08:37:55'),
(70, '2D:05:55:8D:42:64', '02:58:06', '2024-04-06 03:38:10'),
(29, 'F5:F2:D1:B5:80:3E', '02:08:28', '2024-04-05 14:15:51'),
(54, '6A:57:5D:79:FE:A1', '01:45:32', '2024-04-02 14:40:11'),
(1, 'ED:7E:78:2A:93:73', '00:38:19', '2024-04-04 03:27:23'),
(50, '7D:40:FB:20:CC:78', '01:26:39', '2024-04-02 06:45:14'),
(53, 'C1:FD:03:00:C6:84', '01:53:03', '2024-04-03 04:30:55'),
(21, 'E1:AF:A5:C7:BE:2A', '02:13:14', '2024-04-04 06:25:54'),
(9, '72:5B:E9:BB:FC:0E', '01:26:38', '2024-04-08 22:58:31'),
(53, '72:5B:E9:BB:FC:0E', '01:00:37', '2024-04-07 11:15:08'),
(41, '09:EE:6F:5E:A9:76', '01:07:08', '2024-04-03 20:31:59'),
(73, '25:2D:A1:C4:EA:7F', '02:28:54', '2024-04-03 23:53:56'),
(45, '6F:2B:3B:02:B2:29', '00:18:08', '2024-04-07 00:31:51'),
(23, '51:A6:45:75:A6:18', '01:13:22', '2024-04-05 14:04:15'),
(42, 'E4:17:3F:F1:80:F8', '00:42:05', '2024-04-08 02:05:00'),
(50, '54:E2:21:63:DD:56', '01:13:27', '2024-04-06 16:27:12'),
(23, '2D:05:55:8D:42:64', '02:20:33', '2024-04-02 15:01:04'),
(61, 'C0:4A:50:E7:8A:C4', '00:10:57', '2024-04-06 15:12:05'),
(21, '09:EA:A5:49:AB:C7', '01:27:15', '2024-04-05 02:45:37'),
(1, '2F:40:8F:11:9E:44', '02:46:09', '2024-04-01 12:26:18'),
(53, 'E1:AF:A5:C7:BE:2A', '02:46:03', '2024-04-07 09:35:36'),
(5, 'E1:AF:A5:C7:BE:2A', '01:01:29', '2024-04-01 16:44:46'),
(47, 'E3:9F:66:AB:DA:54', '01:28:08', '2024-04-01 23:44:03'),
(65, 'EB:B5:C1:7D:A5:76', '00:17:03', '2024-04-01 17:40:49'),
(57, '3F:86:1C:8A:07:CD', '00:48:54', '2024-04-04 22:06:59'),
(49, '1B:73:1F:88:C0:77', '00:31:12', '2024-04-07 07:12:10'),
(33, 'A7:C2:26:8C:4A:63', '01:11:29', '2024-04-09 15:43:26'),
(14, '9B:4E:17:F1:AA:9B', '02:19:11', '2024-04-04 04:16:10'),
(21, '72:5B:E9:BB:FC:0E', '01:23:35', '2024-04-06 06:19:32'),
(23, '00:B3:10:26:3A:FD', '01:36:52', '2024-04-08 04:31:30'),
(45, 'FE:FF:B3:1E:80:44', '01:56:43', '2024-04-07 06:29:40'),
(9, 'A7:C2:26:8C:4A:63', '00:00:51', '2024-04-05 21:46:07'),
(66, 'E4:17:3F:F1:80:F8', '01:28:34', '2024-04-05 09:23:10'),
(9, '19:EF:8D:72:22:A2', '01:59:55', '2024-04-05 20:44:23'),
(15, 'CD:88:D1:A8:4C:3F', '00:43:09', '2024-04-09 05:43:34'),
(54, '0C:79:58:97:93:BC', '01:09:48', '2024-04-07 00:18:51'),
-- Dispositivi che stanno attualmente visualizzando
(10, '52:2D:90:9D:DE:F0', '00:00:00','2024-04-13 08:00:00'),
(80, 'D7:9E:AB:DC:3E:C9', '00:00:00', '2024-04-13 08:00:00'),
(66, '86:72:EA:C9:67:95', '00:00:00', '2024-04-13 08:00:00'),
(30, '7B:E6:F2:34:D7:C3', '00:00:00', '2024-04-13 08:00:00'),
(37, 'F0:56:5E:93:04:14', '00:00:00', '2024-04-13 08:00:00'),
(16, '19:23:58:62:93:7F', '00:00:00', '2024-04-13 08:00:00'),
(52, '02:54:14:7B:9C:DA', '00:00:00', '2024-04-13 08:00:00'),
(1, '9E:4B:22:7A:E5:7D', '00:00:00', '2024-04-13 08:00:00');